phenocode	n_cases	n_controls
AB1_AMOEBIASIS	102	234437
AB1_ANOGENITAL_HERPES_SIMPLEX	1101	253346
AB1_ARTHROPOD	1763	258642
AB1_ASPERGILLOSIS	106	255615
AB1_ATYPICAL_CNS_VIRUS	176	259010
AB1_BACTINF_NOS	25458	234755
AB1_BACT_BIR_OTHER_INF_AGENTS	1708	258697
AB1_BACT_INTEST_OTH	3332	234437
AB1_CANDIDIASIS	2404	255615
AB1_CHLAMYDIA_OTHER	1255	253346
AB1_CHOLERA	949	234437
AB1_CMV	321	254126
AB1_DERMATOPHYTOSIS	2001	255615
AB1_EARLY_SYPHILIS	191	253346
AB1_EBV	1517	254126
AB1_ERYSIPELAS	12160	234755
AB1_GASTROENTERITIS_NOS	18586	234437
AB1_GHLAMY_OTHER	196	260183
AB1_GONOCOCCAL	588	253346
AB1_HELMINTIASES	284	260121
AB1_HEPATITIS_A	93	258929
AB1_HEPATITIS_B	80	258929
AB1_HEPATITIS_OTHER_VIRAL	1215	258929
AB1_HERPES_SIMPLEX	1969	251948
AB1_HIV	400	260005
AB1_HIV_NOS	177	260005
AB1_INFECTIONS	70078	190327
AB1_INTESTINAL_INFECTIONS	25968	234437
AB1_LATE_SYPHILIS	217	253346
AB1_MALARIA	97	260011
AB1_MEASLES	214	251948
AB1_MENINGOCOCCAL	151	234755
AB1_MUMPS	517	254126
AB1_MYCOSES	4790	255615
AB1_OTHER_BACTERIAL	25650	234755
AB1_OTHER_BACT_INOTHER	160	258697
AB1_OTHER_CHLAMYDIAE	222	260183
AB1_OTHER_CONDITIONS	370	260005
AB1_OTHER_INFECTIONS	1459	258946
AB1_OTHER_MYCOBAC	232	234755
AB1_OTHER_PROTOZOAL	175	234437
AB1_OTHER_SEPSIS	6513	234755
AB1_OTHER_SPIROCHAETAL	1406	258999
AB1_OTHER_SUPERF_MYCOSIS	283	255615
AB1_OTHER_VIRAL	6279	254126
AB1_PARASITIC_NOS	148	259439
AB1_PEDICULOSIS_ACARIASIS_OTHERINFEST	966	259439
AB1_PNEUMOCYSTOSIS	176	260011
AB1_POLIOMYELITIS	281	259010
AB1_PROTOZOAL	394	260011
AB1_RESP_TUBERCU	1088	258895
AB1_RESP_TUBERCU_CONF	318	258895
AB1_RESP_TUBERCU_NONCONF	819	258895
AB1_RUBELLA	645	251948
AB1_SALMONELLA_OTH	714	234437
AB1_SCABIES	687	259439
AB1_SCARLET_FEVER	125	234755
AB1_SCHISTOSOMIASIS	269	260136
AB1_SEPSIS	7463	234755
AB1_SEQULAE_INF_NOS	1119	258804
AB1_SEQULAE_POLIO	140	258804
AB1_SEQULAE_TUBERCU	346	258804
AB1_SEQULEAE_OF_INFECTIONS_AND_PARASITES	1601	258804
AB1_SEXUAL_TRANSMISSION	7059	253346
AB1_SEXUAL_TRANSMISSION_NOS	3734	253346
AB1_SPIROCHE_OTHER	1350	258999
AB1_STREPTO_SEPSIS	1316	234755
AB1_STREPTSTAPHYCOCC_INOTHER	115	258697
AB1_SYPHILIS	422	253346
AB1_TOXOPLASMOSIS	106	260011
AB1_TRICHOMONIASIS	157	253346
AB1_TUBERCULOSIS	1510	258895
AB1_TUBERCU_OTH_ORG	416	258895
AB1_TULARAEMIA	196	260115
AB1_VARICELLA	830	251948
AB1_VIRAAL_CONJUNCT	363	254126
AB1_VIRAL_CNS	1395	259010
AB1_VIRAL_ENCEPHALITIS_NOS	325	259010
AB1_VIRAL_HEMOR_FEVER_NOS	1397	258642
AB1_VIRAL_HEPATITIS	1476	258929
AB1_VIRAL_INOTHER	317	258697
AB1_VIRAL_MENINGITIS	658	259010
AB1_VIRAL_NOS	3734	254126
AB1_VIRAL_OTHER_INTEST_INFECTIONS	4916	234437
AB1_VIRAL_SKIN_MUCOUS_MEMBRANE	8457	251948
AB1_VIRAL_SKIN_NOS	660	251948
AB1_VIRAL_WARTS	1851	251948
AB1_VIRAN_CNS_INFECTIONS_NOS	213	259010
AB1_WHOOPCOUGH	108	234755
AB1_ZOONOTIC_BACTERIAL	290	260115
AB1_ZOSTER	2574	251948
ABDOM_HERNIA	9245	251160
ABDOM_HERNIA_POSTOP	3119	159921
ACUTE_DRUGADVERS_INTERSTITIAL_LUNG_DISORD	107	260298
AD_AM	946	255902
AD_AM_EXMORE	946	131102
AD_EO	681	255891
AD_EO_EXMORE	681	131102
AD_LO	3104	255877
AD_LO_EXMORE	3104	131102
AD_U	209	255905
AD_U_EXMORE	209	131102
ALCODELIRIUM	1436	258969
ALCOGASTRITIS	311	260094
ALCOHOLACUTE10	3944	256461
ALCOHOLMENTAL	11639	248766
ALCOHOL_RELATED	16304	244101
ALCOLIVER	1736	258669
ALCONEURODEGEN	390	260015
ALCOPANCACU	573	259832
ALCOPANCCHRON	1206	259199
ALCOPOLYNEU	162	260243
ALCO_PRESCRIPTION	2029	258376
ALLERGIC_CONTACT_DERMA_DRUGS_CONTACT_W_SKIN	358	260047
ALLERG_ASTHMA	5881	158452
ALLERG_ASTHMA_EXMORE	5881	153302
ALLERG_RHINITIS	6774	252560
AMN2	1521	249531
ANAPH_SHOCK_ADVER_EFFECT_CORRE_DRUG_MEDICAM_PROPE_ADMINISTE	173	260232
ANOSMIA	476	65456
ANTIDEPRESSANTS	74560	65456
APPENDACUT_COMPLIC	4496	240075
APPENDACUT_NOCOMPLIC	14302	240075
APPENDICITIS_BROAD	20164	240075
ARTHRO_SPEC	397	203797
ARTRHO_POSTDYSENTERIC	171	259017
ASTHMA_ACUTE_RESPIRATORY_INFECTIONS	9240	158452
ASTHMA_ALLERG	2698	158452
ASTHMA_ALLERG_EXMORE	2698	153302
ASTHMA_CHILD	3654	158452
ASTHMA_CHILD_EXMORE	3654	153302
ASTHMA_EOSINOPHIL_SUGG	1464	158452
ASTHMA_HOSPITAL_MAIN	21351	239054
ASTHMA_INFECTIONS	12642	158452
ASTHMA_MIXED	1003	158452
ASTHMA_MIXED_EXMORE	1003	153302
ASTHMA_MODE	24164	158900
ASTHMA_NAS	11988	158452
ASTHMA_NAS_EXMORE	11988	153302
ASTHMA_NONALLERG	3754	217628
ASTHMA_OBESITY	5196	158452
ASTHMA_OPPORTUNIST_INFECTIONS	715	158452
ASTHMA_PNEUMONIA	6905	158452
ASTHMA_PNEUMONIA_AND_SEPSIS	6920	158452
ASTHMA_SEPTICHE_PNEUMONIA	565	247317
ATOPIC_STRICT	6412	253666
ATOPIC_STRICT_REIMB	6739	236030
AUD	10688	249717
AUD_SWEDISH	14864	245541
AUTOIMMUNE	52657	207748
AUTOIMMUNE_HYPERTHYROIDISM	1161	203540
BACT_INTEST_INFECTION_NOS	1082	257064
BRONCHITIS	33511	226894
C3_AML	118	260287
C3_AML_EXALLC	118	204069
C3_ANUS_ANALCANAL	161	260244
C3_ANUS_ANALCANAL_EXALLC	161	204070
C3_BILIARY_TRACT	157	260248
C3_BILIARY_TRACT_EXALLC	157	204070
C3_BLADDER	1701	258704
C3_BLADDER_EXALLC	1701	204070
C3_BONE_CARTILAGE	161	260244
C3_BONE_CARTILAGE_EXALLC	161	204070
C3_BONE_CARTILAGE_LIMBS	83	260322
C3_BONE_CARTILAGE_LIMBS_EXALLC	83	204070
C3_BRAIN	615	259790
C3_BRAIN_EXALLC	615	204070
C3_BREAST	11573	135488
C3_BREAST_EXALLC	11573	116981
C3_BREAST_HER2NEG	10538	136521
C3_BREAST_HER2NEG_EXALLC	10538	116981
C3_BREAST_HERNEG	4177	136153
C3_BREAST_HERNEG_EXALLC	4177	116894
C3_BREAST_HERPLUS	6363	140330
C3_BREAST_HERPLUS_EXALLC	6363	116894
C3_BRONCHUS_LUNG	3061	257344
C3_BRONCHUS_LUNG_EXALLC	3061	204021
C3_CANCER	51271	209134
C3_CERVIX_UTERI	2229	144832
C3_CERVIX_UTERI_EXALLC	2229	116981
C3_CLL	377	260028
C3_CLL_EXALLC	377	204065
C3_COLON	2594	257811
C3_COLON_ADENO	2009	258396
C3_COLON_ADENO_EXALLC	2009	204070
C3_COLON_EXALLC	2594	204070
C3_COLORECTAL	4401	256004
C3_COLORECTAL_EXALLC	4401	204070
C3_CONNECTIVE_SOFT_NAS	408	259997
C3_CONNECTIVE_SOFT_NAS_EXALLC	408	204070
C3_CORPUS_UTERI	1430	145631
C3_CORPUS_UTERI_EXALLC	1430	116981
C3_DIGESTIVE_ORGANS	7638	252767
C3_DIGESTIVE_ORGANS_EXALLC	7638	204070
C3_DIGESTIVE_ORGANS_NAS	94	260311
C3_DIGESTIVE_ORGANS_NAS_EXALLC	94	204070
C3_DLBCL	327	260078
C3_DLBCL_EXALLC	327	204070
C3_ENDOCRINE	1369	259036
C3_ENDOCRINE_EXALLC	1369	204070
C3_EYE_ADNEXA	205	260200
C3_EYE_ADNEXA_EXALLC	205	204070
C3_EYE_BRAIN_NEURO	1897	258508
C3_EYE_BRAIN_NEURO_EXALLC	1897	204070
C3_FEMALE_GENITAL	5045	142016
C3_FEMALE_GENITAL_EXALLC	5045	116981
C3_FEMALE_GENITAL_NAS	160	146901
C3_FEMALE_GENITAL_NAS_EXALLC	160	116981
C3_GBM	145	260260
C3_GBM_EXALLC	145	204070
C3_HEART_MEDIASTINUM_PLEURA	167	260238
C3_HEART_MEDIASTINUM_PLEURA_EXALLC	167	204066
C3_KIDNEY_NOTRENALPELVIS	1393	259012
C3_KIDNEY_NOTRENALPELVIS_EXALLC	1393	204070
C3_LARYNX	279	260126
C3_LARYNX_EXALLC	279	204066
C3_LIP_ORAL_PHARYNX	208	260197
C3_LIP_ORAL_PHARYNX_EXALLC	208	204070
C3_LIVER_INTRAHEPATIC_BILE_DUCTS	442	259963
C3_LIVER_INTRAHEPATIC_BILE_DUCTS_EXALLC	442	204070
C3_LUNG_NONSMALL	2085	258320
C3_LUNG_NONSMALL_EXALLC	2085	204070
C3_LYMPHNODES_SECONDARY_NAS	1381	259024
C3_LYMPHNODES_SECONDARY_NAS_EXALLC	1381	204070
C3_MALE_GENITAL	9025	104319
C3_MALE_GENITAL_EXALLC	9025	87089
C3_MELANOMA_SKIN	143	260262
C3_MELANOMA_SKIN_EXALLC	143	204070
C3_MENINGES	848	259557
C3_MENINGES_EXALLC	848	204070
C3_MESOTHELIOMA	168	260237
C3_MESOTHELIOMA_EXALLC	168	204070
C3_MESTOTHEL_SOFTTISSUE	706	259699
C3_MESTOTHEL_SOFTTISSUE_EXALLC	706	204070
C3_NASAL_CAVITY_MIDDLE_EAR	82	260323
C3_NASAL_CAVITY_MIDDLE_EAR_EXALLC	82	204067
C3_NSCLC_ADENO	929	259476
C3_NSCLC_ADENO_EXALLC	929	204057
C3_NSCLC_SQUAM	696	259709
C3_NSCLC_SQUAM_EXALLC	696	204061
C3_OESOPHAGUS	358	260047
C3_OESOPHAGUS_EXALLC	358	204070
C3_OTHER_SKIN	13705	246700
C3_OTHER_SKIN_EXALLC	13705	204070
C3_OVARY	1041	146020
C3_OVARY_EXALLC	1041	116981
C3_PANCREAS	881	259524
C3_PANCREAS_EXALLC	881	204070
C3_PROSTATE	8709	104635
C3_PROSTATE_EXALLC	8709	87089
C3_RECTOSIGMOID_JUNCTION	287	260118
C3_RECTOSIGMOID_JUNCTION_EXALLC	287	204070
C3_RECTUM	1609	258796
C3_RECTUM_EXALLC	1609	204070
C3_RENAL_PELVIS	85	260320
C3_RENAL_PELVIS_EXALLC	85	204070
C3_RESPIRATORY_INTRATHORACIC	3679	256726
C3_RESPIRATORY_INTRATHORACIC_EXALLC	3679	203997
C3_RETROPERITONEUM_PERITONEUM	101	260304
C3_RETROPERITONEUM_PERITONEUM_EXALLC	101	204070
C3_SCLC	346	260059
C3_SCLC_EXALLC	346	204070
C3_SECONDARY_NAS	230	260175
C3_SECONDARY_NAS_EXALLC	230	204070
C3_SECONDARY_RESPIRATORY_DIGESTIVE	109	260296
C3_SECONDARY_RESPIRATORY_DIGESTIVE_EXALLC	109	204070
C3_SECONDARY_WITHOUT_SITESPEC	522	259883
C3_SECONDARY_WITHOUT_SITESPEC_EXALLC	522	204070
C3_SKIN	13707	246698
C3_SKIN_EXALLC	13707	204070
C3_SMALL_INTESTINE	349	260056
C3_SMALL_INTESTINE_EXALLC	349	204070
C3_SPINAL_CORD_CRANIAL_AND_OTHER_CNS	255	260150
C3_SPINAL_CORD_CRANIAL_AND_OTHER_CNS_EXALLC	255	204070
C3_STOMACH	889	259516
C3_STOMACH_EXALLC	889	204070
C3_TESTIS	268	113076
C3_TESTIS_EXALLC	268	87089
C3_THYROID_GLAND	1257	259148
C3_THYROID_GLAND_EXALLC	1257	204070
C3_UNCERTAIN_SECONDARY	2237	258168
C3_UNCERTAIN_SECONDARY_EXALLC	2237	204070
C3_URINARY_TRACT	3209	257196
C3_URINARY_TRACT_EXALLC	3209	204070
C3_VULVA	188	146873
C3_VULVA_EXALLC	188	116981
CAMPYLOENTERITIS	427	257064
CARDIAC_ARRHYTM	41150	162012
CARMYOPATHALCO	87	260318
CD2_BENIGN	62983	197422
CD2_BENIGN_ADRENAL	909	259496
CD2_BENIGN_ADRENAL_EXALLC	909	208536
CD2_BENIGN_ANUS_ANAL_CANAL	471	259934
CD2_BENIGN_ANUS_ANAL_CANAL_EXALLC	471	208860
CD2_BENIGN_APPENDIX	154	260251
CD2_BENIGN_APPENDIX_EXALLC	154	209052
CD2_BENIGN_ASCENDING_COLON	1605	258800
CD2_BENIGN_ASCENDING_COLON_EXALLC	1605	208187
CD2_BENIGN_BLADDER	141	260264
CD2_BENIGN_BLADDER_EXALLC	141	209081
CD2_BENIGN_BONE_CARTILAGE	1435	258970
CD2_BENIGN_BONE_CARTILAGE_EXALLC	1435	208038
CD2_BENIGN_BONE_CARTILAGE_NOS	112	260293
CD2_BENIGN_BONE_CARTILAGE_NOS_EXALLC	112	209053
CD2_BENIGN_BONE_LONG_LOWER	536	259869
CD2_BENIGN_BONE_LONG_LOWER_EXALLC	536	208722
CD2_BENIGN_BONE_SCAPULA_LONG_UPPER	155	260250
CD2_BENIGN_BONE_SCAPULA_LONG_UPPER_EXALLC	155	209013
CD2_BENIGN_BONE_SHORT_LOWER	156	260249
CD2_BENIGN_BONE_SHORT_LOWER_EXALLC	156	209003
CD2_BENIGN_BONE_SHORT_UPPER	241	260164
CD2_BENIGN_BONE_SHORT_UPPER_EXALLC	241	208942
CD2_BENIGN_BONE_SKULL_FACE	137	260268
CD2_BENIGN_BONE_SKULL_FACE_EXALLC	137	209046
CD2_BENIGN_BRAIN_CNS	1092	259313
CD2_BENIGN_BRAIN_CNS_EXALLC	1092	208660
CD2_BENIGN_BRAIN_INFRATENT	87	260318
CD2_BENIGN_BRAIN_INFRATENT_EXALLC	87	209109
CD2_BENIGN_BRAIN_NOS	102	260303
CD2_BENIGN_BRAIN_NOS_EXALLC	102	209089
CD2_BENIGN_BRAIN_SUPRATENT	263	260142
CD2_BENIGN_BRAIN_SUPRATENT_EXALLC	263	209024
CD2_BENIGN_BREAST	2477	144584
CD2_BENIGN_BREAST_EXALLC	2477	117346
CD2_BENIGN_BRONCHUS_LUNG	189	260216
CD2_BENIGN_BRONCHUS_LUNG_EXALLC	189	208998
CD2_BENIGN_CAECUM	1250	259155
CD2_BENIGN_CAECUM_EXALLC	1250	208422
CD2_BENIGN_CERVIX_UTERI	92	146969
CD2_BENIGN_CERVIX_UTERI_EXALLC	92	118900
CD2_BENIGN_CHOROID	698	259707
CD2_BENIGN_CHOROID_EXALLC	698	208670
CD2_BENIGN_COLON	9208	251197
CD2_BENIGN_COLON_EXALLC	9208	203426
CD2_BENIGN_COLON_NOS	4122	256283
CD2_BENIGN_COLON_NOS_EXALLC	4122	206518
CD2_BENIGN_COLORECANI	11490	248915
CD2_BENIGN_COLORECANI_EXALLC	11490	202006
CD2_BENIGN_CONJUNCTIVA	495	259910
CD2_BENIGN_CONJUNCTIVA_EXALLC	495	208783
CD2_BENIGN_CONNECTIVE_SOFT	1814	258591
CD2_BENIGN_CONNECTIVE_SOFT_EXALLC	1814	207787
CD2_BENIGN_CONNSOFT_HEADFACETRUNK	313	260092
CD2_BENIGN_CONNSOFT_HEADFACETRUNK_EXALLC	313	208904
CD2_BENIGN_CONNSOFT_LOWERLIMB	409	259996
CD2_BENIGN_CONNSOFT_LOWERLIMB_EXALLC	409	208839
CD2_BENIGN_CONNSOFT_NOS	174	260231
CD2_BENIGN_CONNSOFT_NOS_EXALLC	174	209004
CD2_BENIGN_CONNSOFT_TRUNK	108	260297
CD2_BENIGN_CONNSOFT_TRUNK_EXALLC	108	209058
CD2_BENIGN_CONNSOFT_UPPERLIMB	725	259680
CD2_BENIGN_CONNSOFT_UPPERLIMB_EXALLC	725	208571
CD2_BENIGN_CORPUS_UTERI	111	146950
CD2_BENIGN_CORPUS_UTERI_EXALLC	111	118897
CD2_BENIGN_CRANIAL_NERVE	437	259968
CD2_BENIGN_CRANIAL_NERVE_EXALLC	437	208948
CD2_BENIGN_DESCENDING_COLON	854	259551
CD2_BENIGN_DESCENDING_COLON_EXALLC	854	208634
CD2_BENIGN_DUODENUM	366	260039
CD2_BENIGN_DUODENUM_EXALLC	366	208904
CD2_BENIGN_EAR_NASAL_SINUS	619	259786
CD2_BENIGN_EAR_NASAL_SINUS_EXALLC	619	208718
CD2_BENIGN_EAR_RESP	1307	259098
CD2_BENIGN_EAR_RESP_EXALLC	1307	208206
CD2_BENIGN_ENDOCRINE_OTH	1981	258424
CD2_BENIGN_ENDOCRINE_OTH_EXALLC	1981	207747
CD2_BENIGN_EXALLC	62983	165699
CD2_BENIGN_EYE	1443	258962
CD2_BENIGN_EYE_EXALLC	1443	208154
CD2_BENIGN_FEMALE_GEN_OTH	787	146274
CD2_BENIGN_FEMALE_GEN_OTH_EXALLC	787	118417
CD2_BENIGN_HEAMANGIOMA_LYMPHANGIOMA	1509	258896
CD2_BENIGN_HEAMANGIOMA_LYMPHANGIOMA_EXALLC	1509	208015
CD2_BENIGN_HEMANGIOMA	1387	259018
CD2_BENIGN_HEMANGIOMA_EXALLC	1387	208103
CD2_BENIGN_INTRATHORACIC	167	260238
CD2_BENIGN_INTRATHORACIC_EXALLC	167	209013
CD2_BENIGN_KIDNEY	454	259951
CD2_BENIGN_KIDNEY_EXALLC	454	208865
CD2_BENIGN_LARYNX	505	259900
CD2_BENIGN_LARYNX_EXALLC	505	208753
CD2_BENIGN_LEIOMYOMA_UTERI	21518	125543
CD2_BENIGN_LEIOMYOMA_UTERI_EXALLC	21518	103441
CD2_BENIGN_LIP	376	260029
CD2_BENIGN_LIPOMATOUS	5885	254520
CD2_BENIGN_LIPOMATOUS_EXALLC	5885	204866
CD2_BENIGN_LIPO_NOS	1696	258709
CD2_BENIGN_LIPO_NOS_EXALLC	1696	207938
CD2_BENIGN_LIPO_SKIN_HEADFACENECK	1110	259295
CD2_BENIGN_LIPO_SKIN_HEADFACENECK_EXALLC	1110	208340
CD2_BENIGN_LIPO_SKIN_LIMBS	1318	259087
CD2_BENIGN_LIPO_SKIN_LIMBS_EXALLC	1318	208173
CD2_BENIGN_LIPO_SKIN_NOS	130	260275
CD2_BENIGN_LIPO_SKIN_NOS_EXALLC	130	209046
CD2_BENIGN_LIPO_SKIN_TRUNK	2261	258144
CD2_BENIGN_LIPO_SKIN_TRUNK_EXALLC	2261	207475
CD2_BENIGN_LIP_EXALLC	376	208886
CD2_BENIGN_LIVER	293	260112
CD2_BENIGN_LIVER_EXALLC	293	208938
CD2_BENIGN_LIVE_BILE	328	260077
CD2_BENIGN_LIVE_BILE_EXALLC	328	208916
CD2_BENIGN_LYMPHANGIOMA	135	260270
CD2_BENIGN_LYMPHANGIOMA_EXALLC	135	209033
CD2_BENIGN_MALE_GEN	343	113001
CD2_BENIGN_MALE_GEN_EXALLC	343	89970
CD2_BENIGN_MELANOCYTIC	4932	255473
CD2_BENIGN_MELANOCYTIC_EXALLC	4932	206025
CD2_BENIGN_MELANOCYTIC_EYELID	144	260261
CD2_BENIGN_MELANOCYTIC_EYELID_EXALLC	144	209039
CD2_BENIGN_MELANOCYTIC_FACE	1007	259398
CD2_BENIGN_MELANOCYTIC_FACE_EXALLC	1007	208436
CD2_BENIGN_MELANOCYTIC_LIP	153	260252
CD2_BENIGN_MELANOCYTIC_LIP_EXALLC	153	209019
CD2_BENIGN_MELANOCYTIC_LOWERLIMB	624	259781
CD2_BENIGN_MELANOCYTIC_LOWERLIMB_EXALLC	624	208759
CD2_BENIGN_MELANOCYTIC_NOS	1068	259337
CD2_BENIGN_MELANOCYTIC_NOS_EXALLC	1068	208540
CD2_BENIGN_MELANOCYTIC_SCALPNECK	369	260036
CD2_BENIGN_MELANOCYTIC_SCALPNECK_EXALLC	369	208874
CD2_BENIGN_MELANOCYTIC_TRUNK	1809	258596
CD2_BENIGN_MELANOCYTIC_TRUNK_EXALLC	1809	208096
CD2_BENIGN_MELANOCYTIC_UPPERLIMB	327	260078
CD2_BENIGN_MELANOCYTIC_UPPERLIMB_EXALLC	327	208942
CD2_BENIGN_MENINGES	1519	258886
CD2_BENIGN_MENINGES_CEREBRAL	1357	259048
CD2_BENIGN_MENINGES_CEREBRAL_EXALLC	1357	208767
CD2_BENIGN_MENINGES_EXALLC	1519	208703
CD2_BENIGN_MENINGES_NOS	253	260152
CD2_BENIGN_MENINGES_NOS_EXALLC	253	209074
CD2_BENIGN_MENINGES_SPINAL	144	260261
CD2_BENIGN_MENINGES_SPINAL_EXALLC	144	209099
CD2_BENIGN_MOUTH_NOS	610	259795
CD2_BENIGN_MOUTH_NOS_EXALLC	610	208678
CD2_BENIGN_MOUTH_PHARYNX	1978	258427
CD2_BENIGN_MOUTH_PHARYNX_EXALLC	1978	207756
CD2_BENIGN_NASOPHARYNX	136	260269
CD2_BENIGN_NASOPHARYNX_EXALLC	136	209038
CD2_BENIGN_NOS	279	260126
CD2_BENIGN_NOS_EXALLC	279	208936
CD2_BENIGN_OESOPHAGUS	171	260234
CD2_BENIGN_OESOPHAGUS_EXALLC	171	209025
CD2_BENIGN_ORBIT_NOS	96	260309
CD2_BENIGN_ORBIT_NOS_EXALLC	96	209073
CD2_BENIGN_OROPHA_OTHER	127	260278
CD2_BENIGN_OROPHA_OTHER_EXALLC	127	209047
CD2_BENIGN_OTHERDIGESTIVE	2868	257537
CD2_BENIGN_OTHERDIGESTIVE_EXALLC	2868	207351
CD2_BENIGN_OTHER_NOS	558	259847
CD2_BENIGN_OTHER_NOS_EXALLC	558	208742
CD2_BENIGN_OVARY	3630	143431
CD2_BENIGN_OVARY_EXALLC	3630	116403
CD2_BENIGN_PANCREAS	214	260191
CD2_BENIGN_PANCREAS_EXALLC	214	209025
CD2_BENIGN_PARATHYROID	157	260248
CD2_BENIGN_PARATHYROID_EXALLC	157	209021
CD2_BENIGN_PAROTID	1209	259196
CD2_BENIGN_PAROTID_EXALLC	1209	208334
CD2_BENIGN_PERIPH_AUTO_NEURO	240	260165
CD2_BENIGN_PERIPH_AUTO_NEURO_EXALLC	240	208971
CD2_BENIGN_PHARYNX_NOS	112	260293
CD2_BENIGN_PHARYNX_NOS_EXALLC	112	209060
CD2_BENIGN_PITUITARY_CRANIPHAR	876	259529
CD2_BENIGN_PITUITARY_CRANIPHAR_EXALLC	876	208486
CD2_BENIGN_PROSTATE	110	113234
CD2_BENIGN_PROSTATE_EXALLC	110	90125
CD2_BENIGN_RECTOSIGMOID_JUNC	601	259804
CD2_BENIGN_RECTOSIGMOID_JUNC_EXALLC	601	208759
CD2_BENIGN_RECTUM	2617	257788
CD2_BENIGN_RECTUM_ANAL	3154	257251
CD2_BENIGN_RECTUM_ANAL_CANAL_ICD9	189	260216
CD2_BENIGN_RECTUM_ANAL_CANAL_ICD9_EXALLC	189	209017
CD2_BENIGN_RECTUM_ANAL_EXALLC	3154	207245
CD2_BENIGN_RECTUM_EXALLC	2617	207571
CD2_BENIGN_RETROPERITONEUM_PERITONEUM	87	260318
CD2_BENIGN_RETROPERITONEUM_PERITONEUM_EXALLC	87	209079
CD2_BENIGN_SALIVARY	1594	258811
CD2_BENIGN_SALIVARY_EXALLC	1594	208072
CD2_BENIGN_SALIVARY_NOS	454	259951
CD2_BENIGN_SALIVARY_NOS_EXALLC	454	208828
CD2_BENIGN_SIGMOID_COLON	2695	257710
CD2_BENIGN_SIGMOID_COLON_EXALLC	2695	207519
CD2_BENIGN_SKIN	7686	252719
CD2_BENIGN_SKIN_EAR	649	259756
CD2_BENIGN_SKIN_EAR_EXALLC	649	208750
CD2_BENIGN_SKIN_EXALLC	7686	204309
CD2_BENIGN_SKIN_EYELID	2687	257718
CD2_BENIGN_SKIN_EYELID_EXALLC	2687	207357
CD2_BENIGN_SKIN_FACE	2047	258358
CD2_BENIGN_SKIN_FACE_EXALLC	2047	208002
CD2_BENIGN_SKIN_LIP	246	260159
CD2_BENIGN_SKIN_LIP_EXALLC	246	208974
CD2_BENIGN_SKIN_LOWERLIMB	425	259980
CD2_BENIGN_SKIN_LOWERLIMB_EXALLC	425	208857
CD2_BENIGN_SKIN_NOS	658	259747
CD2_BENIGN_SKIN_NOS_EXALLC	658	208692
CD2_BENIGN_SKIN_SCALPNECK	381	260024
CD2_BENIGN_SKIN_SCALPNECK_EXALLC	381	208916
CD2_BENIGN_SKIN_TRUNK	720	259685
CD2_BENIGN_SKIN_TRUNK_EXALLC	720	208686
CD2_BENIGN_SKIN_UPPERLIMB	321	260084
CD2_BENIGN_SKIN_UPPERLIMB_EXALLC	321	208929
CD2_BENIGN_SMALL_INTESTINE	659	259746
CD2_BENIGN_SMALL_INTESTINE_EXALLC	659	208743
CD2_BENIGN_SMALL_INTESTINE_OTH	307	260098
CD2_BENIGN_SMALL_INTESTINE_OTH_EXALLC	307	208968
CD2_BENIGN_SPINAL_CORD	229	260176
CD2_BENIGN_SPINAL_CORD_EXALLC	229	209041
CD2_BENIGN_STOMACH	1535	258870
CD2_BENIGN_STOMACH_EXALLC	1535	208156
CD2_BENIGN_THYROID	560	259845
CD2_BENIGN_THYROID_EXALLC	560	208796
CD2_BENIGN_TONGUE	434	259971
CD2_BENIGN_TONGUE_EXALLC	434	208842
CD2_BENIGN_TONSIL	146	260259
CD2_BENIGN_TONSIL_EXALLC	146	209024
CD2_BENIGN_TRANSVERSE_COLON	1261	259144
CD2_BENIGN_TRANSVERSE_COLON_EXALLC	1261	208341
CD2_BENIGN_URINARY	677	259728
CD2_BENIGN_URINARY_EXALLC	677	208759
CD2_BENIGN_UTERINE_TUBES_LIGAMENTS	109	146952
CD2_BENIGN_UTERINE_TUBES_LIGAMENTS_EXALLC	109	118902
CD2_BENIGN_UTERUS_NOS	856	146205
CD2_BENIGN_UTERUS_NOS_EXALLC	856	118433
CD2_BENIGN_UTERUS_OTH	1057	146004
CD2_BENIGN_UTERUS_OTH_EXALLC	1057	118281
CD2_BENIGN_VAGINA	372	146689
CD2_BENIGN_VAGINA_EXALLC	372	118708
CD2_BENIGN_VULVA	228	146833
CD2_BENIGN_VULVA_EXALLC	228	118816
CD2_FOLLICULAR_LYMPHOMA	614	259791
CD2_FOLLICULAR_LYMPHOMA_EXALLC	614	209134
CD2_HODGKIN_LYMPHOMA	454	259951
CD2_HODGKIN_LYMPHOMA_EXALLC	454	209134
CD2_IMMUNOPROLIFERATIVE	123	260282
CD2_IMMUNOPROLIFERATIVE_EXALLC	123	209134
CD2_INSITU	4198	256207
CD2_INSITU_BREAST	1373	145688
CD2_INSITU_BREAST_EXALLC	1373	118955
CD2_INSITU_BREAST_INTRADUCTAL	1241	145820
CD2_INSITU_BREAST_INTRADUCTAL_EXALLC	1241	118965
CD2_INSITU_BREAST_LOBULAR	95	146966
CD2_INSITU_BREAST_LOBULAR_EXALLC	95	118967
CD2_INSITU_BREAST_NOS	194	146867
CD2_INSITU_BREAST_NOS_EXALLC	194	118972
CD2_INSITU_CERVIX_UTERI	358	146703
CD2_INSITU_CERVIX_UTERI_ENDOCERVIX	161	146900
CD2_INSITU_CERVIX_UTERI_ENDOCERVIX_EXALLC	161	118969
CD2_INSITU_CERVIX_UTERI_EXALLC	358	118959
CD2_INSITU_CERVIX_UTERI_EXOCERVIX	126	146935
CD2_INSITU_CERVIX_UTERI_EXOCERVIX_EXALLC	126	118969
CD2_INSITU_CERVIX_UTERI_NOS	124	146937
CD2_INSITU_CERVIX_UTERI_NOS_EXALLC	124	118970
CD2_INSITU_EXALLC	4198	208309
CD2_INSITU_GENITAL	139	146922
CD2_INSITU_GENITAL_EXALLC	139	118944
CD2_INSITU_MELANOMA	490	259915
CD2_INSITU_MELANOMA_EXALLC	490	208989
CD2_INSITU_MELANOMA_FACE	137	260268
CD2_INSITU_MELANOMA_FACE_EXALLC	137	209096
CD2_INSITU_MELANOMA_TRUNK	140	260265
CD2_INSITU_MELANOMA_TRUNK_EXALLC	140	209090
CD2_INSITU_SKIN	1689	258716
CD2_INSITU_SKIN_EAR	142	260263
CD2_INSITU_SKIN_EAR_EXALLC	142	209096
CD2_INSITU_SKIN_EXALLC	1689	208572
CD2_INSITU_SKIN_FACE	924	259481
CD2_INSITU_SKIN_FACE_EXALLC	924	208849
CD2_INSITU_SKIN_LOWERLIMB	210	260195
CD2_INSITU_SKIN_LOWERLIMB_EXALLC	210	209070
CD2_INSITU_SKIN_NOS	125	260280
CD2_INSITU_SKIN_NOS_EXALLC	125	209098
CD2_INSITU_SKIN_SCALPNECK	193	260212
CD2_INSITU_SKIN_SCALPNECK_EXALLC	193	209079
CD2_INSITU_SKIN_TRUNK	283	260122
CD2_INSITU_SKIN_TRUNK_EXALLC	283	209063
CD2_INSITU_SKIN_UPPERLIMB	211	260194
CD2_INSITU_SKIN_UPPERLIMB_EXALLC	211	209072
CD2_LEUKAEMIA_NAS	120	260285
CD2_LEUKAEMIA_NAS_EXALLC	120	209134
CD2_LYMPHOID_LEUKAEMIA	808	259597
CD2_LYMPHOID_LEUKAEMIA_EXALLC	808	209134
CD2_MULTIPLE_MYELOMA_PLASMA_CELL	693	259712
CD2_MULTIPLE_MYELOMA_PLASMA_CELL_EXALLC	693	209134
CD2_MYELOID_LEUKAEMIA	340	260065
CD2_MYELOID_LEUKAEMIA_EXALLC	340	209134
CD2_NONFOLLICULAR_LYMPHOMA	1503	258902
CD2_NONFOLLICULAR_LYMPHOMA_EXALLC	1503	209134
CD2_NONHODGKIN_NAS	643	259762
CD2_NONHODGKIN_NAS_EXALLC	643	209134
CD2_PRIMARY_LYMPHOID_HEMATOPOIETIC	4195	256210
CD2_PRIMARY_LYMPHOID_HEMATOPOIETIC_EXALLC	4195	209134
CD2_PRIMARY_LYMPHOID_HEMATOPOIETIC_NAS	145	260260
CD2_PRIMARY_LYMPHOID_HEMATOPOIETIC_NAS_EXALLC	145	209134
CD2_TNK_LYMPHOMA	177	260228
CD2_TNK_LYMPHOMA_EXALLC	177	209134
CD2_UVEAMELANOMA	154	260251
CD2_UVEAMELANOMA_EXALLC	154	209096
CHARCOT	164	190836
CHILDHOOD_ALLERGY	3260	257145
CHIRBIL_PRIM	346	207748
CHIRHEP_NAS	608	258025
CHOLELITH_BROAD	24106	231644
CHONDRO_OTH	135	260193
CHRONHEP_NAS	233	260172
CHRONLARGE	1004	249705
CHRONMYELOPRO	137	259322
CHRONNAS	1237	249705
CHRONOTH	1226	249705
CHRONSMALL	1198	249705
CIRRHOSIS_BROAD	2380	258025
CML	131	259322
CMV_NOS	245	260098
CONGEN_HEART_ARTER	2431	257974
COPD_ASTHMA_INFECTIONS	71902	188503
COPD_ASTHMA_PNEUMONIA_SEPSIS	34126	188503
COPD_EARLY	4485	251260
COPD_HOSPITAL	8968	251437
COPD_INSUFFICIENCY	1474	220458
COPD_LATER	4660	251260
COPD_MODE	7993	160018
COPD_OPPORTUNIST_INFECTIONS	310	220458
COX_ARTHROSIS	13119	203797
CPAP	4365	125689
CREST	226	260179
CROHN_ARTHR	157	258169
C_DIFFICILE_ENTEROCOLITIS	1796	257064
C_STROKE	22791	190836
D3_ACQHAEMOLYTICANAEMIA	360	259906
D3_ACQHAEMOLYTICANAEMIANAS	153	259906
D3_ACQPUREREDCLLAPLASIA	81	252271
D3_ACUTEPOSTBLEEDANAEMIA	571	252271
D3_AGRANULOCYTOSIS	1885	256630
D3_AIHA_OTHER	159	259906
D3_ALLERGPURPURA	555	257054
D3_ANAEMIA	15237	65456
D3_ANAEMIAINCHRONICDISEASE	239	252271
D3_ANAEMIANAS	7373	252271
D3_ANAEMIA_B12_DEF	2064	251019
D3_ANAEMIA_FOLATEDEF	85	251019
D3_ANAEMIA_IRONDEF	7486	251019
D3_ANAEMIA_IRONDEF_BLOODLOSS	2823	251019
D3_ANAEMIA_IRONDEF_NAS	5381	251019
D3_APLASTICANDOTHANAEMIA	8134	252271
D3_BLOOD	23859	236546
D3_BLOODNAS	324	256630
D3_BLOODOTHER	3775	256630
D3_COAGDEF	362	260043
D3_COAGDEFNAS	696	257054
D3_COAGDEF_PURPUR_HAEMORRHAGIC	3351	257054
D3_COAGOTHER	1097	257054
D3_COMBIMMUDEF	208	256649
D3_COMPLEMENTDEF	92	256649
D3_CVID	111	256649
D3_DEF_IGG	114	256649
D3_EOSINOPHILIA	222	256630
D3_FAMIERYTHROCYTOCIS	81	256630
D3_HAEMOLYTICANAEMIA	499	259906
D3_HAEMORRHAGCIRGUANTICO	159	257054
D3_HAEMORRHAGICNAS	245	257054
D3_HEREDHAEMOLYTICANAEMIAOTHER	80	259906
D3_HEREDOTHCLOFACTORS	130	257054
D3_IMMUDEF	847	259558
D3_IMMUDEFANTIBODY	443	256649
D3_IMMUDEFANTIBODYNAS	203	256649
D3_IMMUDEFOTHER	162	256649
D3_IMMUNEMECHANISM	3756	256649
D3_IMMUNEMECHANISMNAS	459	256649
D3_IMMUNEMECHANISMOTHER	496	256649
D3_ITP	494	257054
D3_KELA_IMMUDEF	137	256649
D3_NEFELOF	90	256649
D3_NONHEREDHYPOGAMMA	170	256649
D3_NUTRIANAEMIA	9386	251019
D3_NUTRIANAEMIAOTHER	168	251019
D3_OTHERANAEMIA	7472	252271
D3_OTHERAPLASTICANAEMIA	178	252271
D3_OTHERBLOOD	923	256630
D3_OTHERWHITECELL	820	256630
D3_OTHNONTHROMBOCYTOPENPURPURA	121	257054
D3_PURPURA_AND3_OTHER_HAEMORRHAGIC	2258	257054
D3_SARCOIDOSIS	2496	256649
D3_SCNDPOLYCYTHAEMIA	276	256630
D3_SCNDTHROMBOCYTOPENIA	130	257054
D3_SPLEENDISEASE	207	256630
D3_THROMBOCYTOPENIANAS	1060	257054
D3_VONVILLEBRAND	189	257054
D3_WHITEBLOODCELLNAS	593	256630
DEATH	21694	238711
DENTAL_TMD	5938	254467
DENTAL_TMD_FIBRO	3253	257152
DERMATOPOLY_FG	252	203797
DIABETES_FG	46097	214308
DIS_THYROID_OTH	193	254135
DM_AION	299	259464
DM_BCKGRND_RETINA	2510	242308
DM_BCKGRND_RETINA_NONPROLIF	568	242308
DM_HYPOGLYC	4867	190836
DM_KETOACIDOSIS	5706	190836
DM_MACULOPATHY	2273	250963
DM_MACULOPATHY_EXMORE	2273	214301
DM_NEOVASCULAR_GLAUCOMA	673	242308
DM_NEPHROPATHY	3957	249735
DM_NEPHROPATHY_EXMORE	3957	213335
DM_NEUROPATHY	1769	190836
DM_OPTHALMIC_COMORB	719	206364
DM_OTHER_WIDE	40158	209176
DM_PERIPHATHERO	8393	190836
DM_PERIPH_ANGIOPATHY	232	190836
DM_POLYNEURO	453	258636
DM_RETINA_NOS	2263	242308
DM_RETINA_PROLIF	10860	242308
DM_RETINOPATHY	18097	239347
DM_RETINOPATHY_EXMORE	18097	206364
DM_RET_ART_OCCLU_BRANCH	133	214308
DM_RET_ART_OCCLU_MAIN	98	214308
DM_RET_VEIN_OCCLU	478	214308
DM_SEVERAL_COMPLICATIONS	8574	190836
DM_VITREOUS_BLEEDING	1699	242308
DRUGADVERS_ADRENOCORTICAL_INSUFFICIENCY	203	260202
DRUGADVERS_CATAR	401	260004
DRUGADVERS_HEADA_NOT_ELSEW_CLASSIFIED	84	260321
DRUGADVERS_NEUTROPENIA	1125	259280
DRUGADVERS_OSTEOPO	149	260256
DRUGADVERS_SYSTEMIC_LUPUS_ERYTHEMAT	128	260277
DRUGADVERS_TREMOR	103	260302
DRY_AMD	3069	244982
E4_ACIDOSIS	251	231448
E4_ACROMEG	130	250987
E4_ADDISON	531	250987
E4_ADREACT	94	250987
E4_ADRENAL	690	250987
E4_ADRENOGEN	81	250987
E4_AMYLNAS	232	231448
E4_AMYLOIDOSIS	287	231448
E4_CARCISDR	184	250987
E4_CA_MET	865	231448
E4_CONGEIOD	518	221975
E4_CUSHING	197	250987
E4_DELPUB	138	250987
E4_DIABETES	45245	215160
E4_DIABINSIPIDUS	170	250987
E4_DISPUB	258	250987
E4_DM1	7609	215160
E4_DM1COMA	1578	215160
E4_DM1KETO	1628	215160
E4_DM1NASCOMP	4455	215160
E4_DM1NEU	740	215160
E4_DM1NOCOMP	6376	215160
E4_DM1OPTH	3668	215160
E4_DM1PERIPH	459	215160
E4_DM1REN	1195	215160
E4_DM1_STRICT	3392	215768
E4_DM2	41245	215160
E4_DM2COMA	3011	215160
E4_DM2KETO	444	215160
E4_DM2NASCOMP	30103	215160
E4_DM2NEU	1113	215160
E4_DM2NOCOMP	18839	215160
E4_DM2OPTH	2558	215160
E4_DM2PERIPH	1314	215160
E4_DM2REN	1605	215160
E4_DM2_STRICT	37002	215160
E4_DMNAS	4777	215160
E4_DMNASCOMA	100	215160
E4_DMNASKETO	143	215160
E4_DMNASNASCOMP	651	215160
E4_DMNASNEU	80	215160
E4_DMNASNOCOMP	1566	215160
E4_DMNASOTHCOMP	86	215160
E4_ENDODIS	971	250987
E4_ENDODISNAS	369	250987
E4_ENDOGLAND	9418	250987
E4_ENDOMETPOSTOP	1841	231448
E4_ENDONUTRMET	97333	163072
E4_FLUIDELECTRO	5197	231448
E4_FLUIDELECTRONAS	136	231448
E4_GILBERT	111	231448
E4_GLUCOPANCREAS	1607	258798
E4_GOITREDIFF	581	221975
E4_GOITREMULTINOD	4096	221975
E4_GOITRENAS	1519	221975
E4_GOITRENOD	1349	221975
E4_HYPERALDO	425	250987
E4_HYPERCHOL	13092	231448
E4_HYPERGLYCER	307	231448
E4_HYPERKALAEMIA	728	231448
E4_HYPERLIPMIX	665	231448
E4_HYPERLIPNAS	6573	231448
E4_HYPEROSMHNAT	186	231448
E4_HYPERPARA	3603	250987
E4_HYPERPIT	965	250987
E4_HYPERPRO	683	250987
E4_HYPERPRO_ADVERSE	107	260298
E4_HYPOCOMA	84	258798
E4_HYPODRUG	276	258798
E4_HYPOGLYC	1240	258798
E4_HYPOKALAEMIA	1743	231448
E4_HYPOOSMNAT	2789	231448
E4_HYPOPARA	617	250987
E4_HYPOPIT	1085	250987
E4_HYTHYNAS	32871	221975
E4_HYTHYPOSTINF	114	221975
E4_HYTHYSUBS	134	221975
E4_HYTHY_AI_STRICT	28688	206542
E4_HYTHY_AI_STRICT_PURCH	32581	227824
E4_IRON_MET	171	231448
E4_LACTONAS	471	231448
E4_LACTOSEINT	535	231448
E4_LIPOPROT	20148	231448
E4_LIPOPROTNAS	2397	231448
E4_MALNUTRITION	231	260174
E4_METABO	2027	231448
E4_METABOLIA	28957	231448
E4_MINERAL_MET	1155	231448
E4_NUTRIDEF	11852	248553
E4_NUTRI_DEF_NAS	141	248553
E4_OBESITY	11483	248850
E4_OBESITYCAL	7750	248922
E4_OBESITYDRUG	145	248922
E4_OBESITYNAS	6091	248922
E4_OBESITYXTRMALV	574	248922
E4_OBESITY_HYPER	11555	248850
E4_OVARDYS	1135	140558
E4_OVARFAIL	267	140558
E4_PANCSECNAS	126	258798
E4_PARANAS	129	250987
E4_PARATHYRO	4133	250987
E4_PCOS	797	140558
E4_PITUDISNAS	93	250987
E4_PLASMAPROT	99	231448
E4_PORBILIR	180	231448
E4_PRECOXCENTPUB	117	250987
E4_PROTMALMODMILD	98	260174
E4_SHORT	339	250987
E4_TESTICHYPO	311	110429
E4_TESTIDYS	343	110429
E4_THIA_DEF	92	248553
E4_THYROID	38430	221975
E4_THYROIDITAUTOIM	301	221975
E4_THYROIDITNAS	258	221975
E4_THYROIDITSUBAC	498	221975
E4_THYROIDNASOTH	188	221975
E4_THYTOXGOITDIF	2778	221975
E4_THYTOXGOITMULT	951	255263
E4_THYTOXNAS	3962	221975
E4_THYTOXNOD	136	255263
E4_VIT_B_DEF	360	248553
E4_VIT_DEF	780	248553
E4_VIT_D_DEF	215	248553
E4_VOLUME	1329	231448
ENCEPHALITIS	465	258636
EPISEIZALCO	121	260284
ERECTILE_DYSFUNCTION	1483	111814
ESOSINOPHIL_DISEASE	222	160018
F5_ADHD	1010	256859
F5_AGORAPHOBIA	538	235546
F5_ALCOHOL	13422	244533
F5_ALCOHOLAC	5742	244533
F5_ALCOHOL_DEPENDENCE	7031	244533
F5_ALLANXIOUS	14992	235546
F5_ALZHDEMENT	2575	248813
F5_ANAPER	610	252877
F5_ANOREX	1233	254469
F5_ANXIETY	10169	235546
F5_ANXPER	327	252877
F5_AUTISM	344	258095
F5_BEHAVE	5936	254469
F5_BEHEMOCHILD	3546	256859
F5_BEHEMOTH	1050	256859
F5_BIPO	5091	228817
F5_BULIMIA	645	254469
F5_CANNABIS	721	255921
F5_CONDUCT	451	256859
F5_CONDUCTEMO	468	256859
F5_DELIRIUM	1547	248813
F5_DELUSIO	1814	249610
F5_DEMENTIA	9251	248813
F5_DEMENTIA_INCLAVO	9690	250715
F5_DEMINOTH	694	248813
F5_DEMNAS	1968	248813
F5_DEPPER	451	252877
F5_DEPRESSIO	28098	228817
F5_DISPER	381	252877
F5_DISSOCIATIVE	772	235546
F5_Dementia_U	1966	254692
F5_Dementia_U_EXMORE	1966	131102
F5_EATING	2224	258181
F5_EATOTH	994	254469
F5_EMOCHILD	1044	256859
F5_EMOPER	2975	252877
F5_GAD	2593	235546
F5_GENDER	164	252877
F5_HABIT	303	252877
F5_HALLUCIN	125	255921
F5_HISPER	111	252877
F5_HYPERKIN	279	256859
F5_HYPERSOMNIA	222	257244
F5_INSOMNIA	2040	257244
F5_KELAMENT	12140	247156
F5_KELARET	158	259578
F5_MANIA	710	228817
F5_MENTALUNSPE	1800	247156
F5_MENTORG	1677	248813
F5_MENTPUER	217	143152
F5_MENTRET	827	259578
F5_MILDRET	534	259578
F5_MIXEDDEV	334	258095
F5_MIXPER	1905	252877
F5_MODRET	111	259578
F5_MOOD	31588	228817
F5_MOODOTH	1492	228817
F5_MOTOR	269	258095
F5_NEUROTIC	24859	235546
F5_NEUROTICOTH	1127	235546
F5_OCD	1232	235546
F5_OPIOIDS	775	255921
F5_ORGANIC	11592	248813
F5_OTHERSUB	1745	255921
F5_OTHPER	2274	252877
F5_OTHRET	260	259578
F5_PANIC	2913	235546
F5_PARAPER	411	252877
F5_PERSBEHORG	291	248813
F5_PERSMOOD	4648	228817
F5_PERSOBEH	7528	252877
F5_PERSOCHANGE	83	252877
F5_PERSONALITY	6142	252877
F5_PERSOTH	116	252877
F5_PERVASIVE	188	258095
F5_PHOBANX	2639	235546
F5_PHYSBEHOTH	315	254469
F5_PSYCH	65352	195053
F5_PSYCHDEV	2310	258095
F5_PSYCHDEVOTH	201	258095
F5_PSYCHOTH	6235	249610
F5_PSYTRANS	3511	249610
F5_PTSD	1312	235546
F5_SCHIZO	10795	249610
F5_SCHIZOAFF	2372	249610
F5_SCHIZOTYP	704	249610
F5_SCHIZPER	457	252877
F5_SCHOLA	730	258095
F5_SCHZPHR	5760	249610
F5_SEDAHYP	1485	255921
F5_SEXDYS	186	254469
F5_SLEEP	3161	254469
F5_SLEEPWAKE	240	257244
F5_SLEEP_NOS	387	257244
F5_SOCPHOB	1485	235546
F5_SOMATOFORM	3189	235546
F5_SPEECH	959	258095
F5_STIMUL	644	255921
F5_STRESSOTH	8924	235546
F5_SUBSNOALCO	4484	244533
F5_SUBSTANCE	15872	244533
F5_TIC	198	256859
F5_TOBAC	1207	255921
F5_UNSMENDIS	13249	247156
F5_VASCDEM	1118	251154
FALLS	1385	259020
FE	1101	253181
FELTY	88	254548
FEMHER_UNILATERAL	449	226286
FEMINGHER_BILATERAL	1875	226286
FEMNINGHER_UNILATERAL	449	226286
FE_MODE	626	253181
FE_STRICT	728	253181
FG_CARDMYO	2772	187625
FG_CEREBVASC	16752	135821
FG_CVD	124584	135821
FG_DISVEINLYMPH	30021	135821
FG_DOAAC	12123	135821
FG_HYPERTENSION	68050	135821
FG_OTH	2264	135821
FG_OTHHEART	72780	135821
FG_PULMHEART	5130	255275
FIBROLIV	84	258025
G6_AD_WIDE	7329	252879
G6_AD_WIDE_EXMORE	7329	131102
G6_ALCODEGEN	390	255104
G6_ALCOPOLY	162	256572
G6_ALS	262	131274
G6_ALZHEIMER	4500	255905
G6_ALZHEIMER_EXMORE	4500	131102
G6_ALZHEIMER_INCLAVO	5326	255079
G6_ANOXBRAINDAM	220	244517
G6_ATROPHCIRCUM	267	255104
G6_ATYFAC	860	231307
G6_AUTONOM	320	244517
G6_BASDEGENOTH	129	254555
G6_BELLPA	2104	231307
G6_BENINTRAHYP	127	244517
G6_BRACHPLE	1639	231307
G6_CARPTU	13813	231307
G6_CAUDA	189	258207
G6_CAUSALGIA	265	231307
G6_CERCYST	889	244517
G6_CERVROOT	143	231307
G6_CLUSTHEADACHE_STRICT	637	208845
G6_CLUSTHEADACHE_STRICT_INCLAVO	797	259608
G6_CLUSTHEADACHE_WIDE	701	208845
G6_CLUSTHEADACHE_WIDE_INCLAVO	861	259544
G6_CNSABSC	162	258855
G6_CNSOTH	168	244517
G6_CP	343	258207
G6_CPETAL	2198	258207
G6_DEGENOTH	297	255104
G6_DEMYEL	1642	258763
G6_DIABETNEUR	1776	231307
G6_DISBROTHUNS	166	244517
G6_DISOTHUNS	96	231307
G6_DISSOTH	174	258763
G6_DRUGPOLY	114	256572
G6_DYSTON	948	254555
G6_ENCEPATH	144	244517
G6_ENCEPHOTH	425	258855
G6_EPIPAROX	51560	208845
G6_EPLEPSY	7224	208845
G6_FACOTH	457	231307
G6_FEMLAPOP	768	231307
G6_FEMLE	136	231307
G6_GUILBAR	266	256572
G6_HCCOMM	258	259519
G6_HCNP	384	259519
G6_HCOBSTR	218	259519
G6_HCOTHUNS	209	259519
G6_HEADACHE	9731	208845
G6_HEMIPLE	972	258207
G6_HERATAXIA	194	259771
G6_HEREMOSEN	123	256572
G6_HERIPOTHUN	80	256572
G6_HORNER	193	260085
G6_HYDROCEPH	886	244517
G6_ICNEUROP	119	231307
G6_LSROOT	274	231307
G6_MEDLEOTH	509	231307
G6_MENINGBACT	683	258855
G6_MENINGOTH	230	258855
G6_MERALGIA	503	231307
G6_MIGRAINE	10536	208845
G6_MIGRAINE_NO_AURA	3924	208845
G6_MIGRAINE_NO_AURA_ADVERSE	218	260187
G6_MIGRAINE_NO_AURA_TRIPTAN	3924	234028
G6_MIGRAINE_WITH_AURA	4366	208845
G6_MIGRAINE_WITH_AURA_ADVERSE	213	260192
G6_MIGRAINE_WITH_AURA_TRIPTAN	4366	233180
G6_MONOLOWOTHUNS	526	231307
G6_MONONPOTHUS	527	231307
G6_MONOOTHUNS	571	231307
G6_MONOPLE	221	258207
G6_MS	1364	258340
G6_MUSCOTHUNS	128	258306
G6_MUSDYST	145	258306
G6_MYASTHENIA	283	258306
G6_MYOMUSCINOTH	125	258306
G6_MYONEU	2099	258306
G6_MYOPOTHUNS	1388	258306
G6_MYOTDIS	126	258306
G6_NARCOCATA	111	208845
G6_NERPLEX	29098	231307
G6_NEUATR	634	259771
G6_NEUINFL	1550	258855
G6_NEURO	84936	175469
G6_NEURODEG	5301	255104
G6_NEUROOTH	996	244517
G6_OTHDEMYEL	626	258763
G6_OTHNEU	15888	244517
G6_PARALOTHUNS	219	258207
G6_PARDIPLE	363	258207
G6_PARKINSON	2496	257909
G6_PARKINSON_EXMORE	2496	131274
G6_PARKINSON_INCLAVO	2562	257843
G6_PARKSCND	497	254555
G6_PERIPHOTH	82	256572
G6_PLANTAR	1259	231307
G6_POLYNEU	3833	256572
G6_POLYOTHUNS	3263	256572
G6_POSTOPNEURO	1299	244517
G6_POSTZOST	178	231307
G6_RADLES	664	231307
G6_ROOTPLEXOTHUNS	2876	231307
G6_SCIALE	943	231307
G6_SLEEPAPNO	20279	239125
G6_SLEEPAPNO_INCLAVO	21025	239380
G6_SLEEPDISOTH	1882	208845
G6_SPINAMUSCOTH	136	259771
G6_SPINOTH	474	244517
G6_STATUSEPI	618	208845
G6_TARSTUN	173	231307
G6_TETRAPLE	107	258207
G6_TIA	10830	244517
G6_TRINEU	957	231307
G6_TRIOTHUNS	265	231307
G6_ULLNLE	2500	231307
G6_VASCSYND	707	244517
G6_XTRAPYR	5850	254555
G6_XTRAPYROTH	2639	254555
GAST_OPER	92214	168191
GE	2124	253181
GENERALI_SKIN_ERUPT_DRUGS_MEDICAM	590	259815
GEST_DIABETES	7238	139823
GE_MODE	1202	253181
GE_STRICT	1751	253181
GIANT_CELL_TEMP_ARTERITIS	534	259371
GLOMER_NEPHRITIS	5612	254793
GOUT	4502	241230
GOUT_IDIO	1122	255903
GOUT_KIDNEY	113	255903
GOUT_NOS	2666	255903
GOUT_STRICT	2379	257036
H7_ALLERGICCONJUNCTIVITIS	13085	247320
H7_AMBLYANOPSIA	650	250626
H7_AMD	4645	243951
H7_ANISOMETROPIA	443	250944
H7_ANOMAPUPFUNC	286	258105
H7_APHAKIA	273	224812
H7_ASTIGMATISM	838	250944
H7_BCKRNDRETINOPAT	343	241190
H7_BINOCUMOVOTH	362	250944
H7_BINODISTOTH	215	250626
H7_BLEPHAROCHALASIS	5073	241360
H7_BLINDANDVISIMPAIRMENT	1091	250626
H7_BLINDMONOCULAR	122	250626
H7_BULLKERATOPATHY	114	248732
H7_CATARACTOTHER	9741	224812
H7_CATARACTSENILE	32692	224812
H7_CENTRRETARTOCC	299	241190
H7_CHALAZION	2146	241360
H7_CHORIORETINFLAM	471	241190
H7_CHOROIDOTH	216	241190
H7_CHOROIDRETINA	19215	241190
H7_CONJUHAEMOR	1033	240643
H7_CONJUNAS	108	240643
H7_CONJUNCTDEGDEPOT	408	240643
H7_CONJUNCTIVA	19762	240643
H7_CONJUNCTIVITIS	17811	240643
H7_CONJUNCTIVITISACUNONATOPIC	5262	240643
H7_CONJUNCTIVITISATOPIC	727	240643
H7_CONJUNCTIVITISCHRON	499	240643
H7_CONJUVASC	365	240643
H7_CONVERGINSUFF	217	250944
H7_CONVERSTRAB	1139	250944
H7_CORNEALDEFORM	386	248732
H7_CORNEALDYSTROPHY	150	248732
H7_CORNEALNAS	508	248732
H7_CORNEALOEDEMA	81	248732
H7_CORNEALOTH	1446	248732
H7_CORNEALSCAR	325	248732
H7_CORNULCER	3210	248732
H7_DACRYOADENITIS	130	241360
H7_DEGENMYOPIA	93	251529
H7_DIPLOPIA	2153	250626
H7_DISORDERLENSNAS	118	224812
H7_DIVERGSTRAB	1573	250944
H7_ECTROPION	576	241360
H7_ENTROPION	1286	241360
H7_EPIPHORA	331	241360
H7_EPISCLERITIS	846	248732
H7_EXOPTHALMUS	175	241360
H7_EYE	92826	167579
H7_EYEADNEXOTH	718	258105
H7_EYELIDDIS	8385	241360
H7_EYELIDFUNC	87	241360
H7_EYELIDINFLAMMATION	1718	241360
H7_EYELIDINOTH	547	241360
H7_EYELIDNAS	161	241360
H7_EYEOTH	2300	258105
H7_GLAUCCLOSEPRIM	718	249920
H7_GLAUCNAS	840	249920
H7_GLAUCOMA	10485	249920
H7_GLAUCOMAMEDICATION	1587	249920
H7_GLAUCOMA_JOAG	4164	256241
H7_GLAUCOMA_NTG	1060	249920
H7_GLAUCOMA_OPER	545	259860
H7_GLAUCOMA_POAG	4164	249920
H7_GLAUCOMA_XFG	1796	249920
H7_GLAUCPRIMOPEN	5363	249920
H7_GLAUCSECDISEASE	676	249920
H7_GLAUCSECINFLAM	124	249920
H7_GLAUCSECTRAUMA	110	249920
H7_GLAUCSUSP	5803	249920
H7_GLOBE	389	251529
H7_GLOBEDEGENERATED	89	251529
H7_HEREDRETINADYST	243	241190
H7_HERPESKERATITIS	703	248732
H7_HETEROPHORIA	1310	250944
H7_HORDEOLUM	755	241360
H7_HYPERMETRO	969	250944
H7_INTERHETEROTRO	984	250944
H7_IRIDOACUTE	3864	248732
H7_IRIDOCHRONIC	864	248732
H7_IRIDOCYCLITIS	4466	248732
H7_IRIDOCYCLITISINOTH	241	248732
H7_IRIDONAS	537	248732
H7_KERATITIS	6798	248732
H7_KERATITISINOTH	593	248732
H7_KERATITISOTH	1850	248732
H7_KERATOCONUS	408	248732
H7_LACRIGLAND	5727	241360
H7_LACRIMALORBITINOTH	423	241360
H7_LACRIMALSYSTEM	7587	241360
H7_LACRIMINFLAMACU	249	241360
H7_LACRIMINFLAMCHRON	270	241360
H7_LAGOPHTALMOS	174	241360
H7_LENS	35593	224812
H7_LENSDISLOCATIO	235	224812
H7_LIDLACRIMALORBIT	19045	241360
H7_MACULADEGEN	7994	241190
H7_MACULOPATHYDIAB	2273	241190
H7_MODVISIMPBINOC	486	250626
H7_MYOPIA	1979	250944
H7_NYSTAGMUS	194	258105
H7_OCUMUSCLE	9461	250944
H7_OCUPAIN	1123	258105
H7_OPTATROPHY	247	258786
H7_OPTICDISCOTH	165	258786
H7_OPTNERVE	1619	258786
H7_OPTNERVNAS	299	258786
H7_OPTNEURITIS	749	258786
H7_OPTNEUROTH	955	258786
H7_ORBIT	745	241360
H7_ORBITINFLAMACU	108	241360
H7_OTHENDOPHTHALMITIS	84	251529
H7_OTHERCONJ	2324	240643
H7_OTHIRISCILIARY	393	248732
H7_OTHRETARTOCC	343	241190
H7_PAPILLOEDEMA	310	258786
H7_PARASTRA3	271	250944
H7_PARASTRA4	340	250944
H7_PARASTRA6	469	250944
H7_PARASTRAB	1124	250944
H7_PARASTRANAS	110	250944
H7_PERIPHRETINADEGEN	505	241190
H7_PRESBYOPIA	610	250944
H7_PROLIFRETINOPATHOTH	87	241190
H7_PTERYGIUM	426	240643
H7_PTOSIS	1617	241360
H7_REFRAACCOMMODIS	4196	250944
H7_RETINAHAEMORR	318	241190
H7_RETINALBREAK	2593	241190
H7_RETINALDETACH	6722	241190
H7_RETINALDETACHBREAK	2332	241190
H7_RETINALDETACHOTH	461	241190
H7_RETINALDETACHTRACTION	148	241190
H7_RETINALDISOTH	13627	241190
H7_RETINANAS	470	241190
H7_RETINASEPAR	636	241190
H7_RETINAVASC	1984	241190
H7_RETINOCHISISCYST	349	241190
H7_RETINOPATHYDIAB	4525	241190
H7_RETINOPATHYDIAB_BKG	2510	241190
H7_RETINOPATHYDIAB_BKG_SEVERE	568	241190
H7_RETINOPATHYDIAB_NAS	1279	241190
H7_RETINOPATHYDIAB_PROLIF	1737	241190
H7_RETIVASCOCCLUSION	1922	241190
H7_RETVASCNAS	1492	241190
H7_SCLERACORNEA	11673	248732
H7_SCLERITIS	153	248732
H7_SCLERITISEPISCLERITIS	965	248732
H7_SEVVISIMPMONOC	96	250626
H7_STENOLACRI	1562	241360
H7_STRABISMUS	5523	254882
H7_STRABNAS	170	250944
H7_STRABOTH	4565	250944
H7_USEOFEYEANTIALLERGENS	12606	240643
H7_VASCCILIARY	267	248732
H7_VERTISTRAB	518	250944
H7_VISDISTNAS	1138	250626
H7_VISFIELDDEF	1456	250626
H7_VISIMPBILATERAL	80	250626
H7_VISUALDISTBLIND	9779	250626
H7_VISUDISTURB	8913	250626
H7_VISUDISTURBSUB	4033	250626
H7_VITRBODYGLOBE	8542	251529
H7_VITRCRYSTAL	101	251529
H7_VITREOUS	8876	251529
H7_VITRHAEMORR	1727	251529
H7_VITROPACIT	578	251529
H7_VITROTH	6667	251529
H7_XANTHELASMA	144	241360
H8_ABNAUDPER	138	233406
H8_BPV	4716	249281
H8_CERUMEN	1026	254663
H8_CHOLEASTOMA	955	244985
H8_CHRON_SUPOTITIS	742	244985
H8_CONSENHEARINGLOSS	20976	233406
H8_DISCON	85	244985
H8_EAR	49615	210790
H8_EUSTNAS	393	244985
H8_EUSTSALP	1555	244985
H8_EXTDISINOTH	424	254663
H8_EXTDISNAS	568	254663
H8_EXTERNAL	5742	254663
H8_EXTOTITIS	3780	254663
H8_EXT_ABSC	252	254663
H8_EXT_CELLUL	164	254663
H8_EXT_CHOL	93	254663
H8_EXT_INFNAS	1038	254663
H8_EXT_NAS	1586	254663
H8_EXT_NONINF	299	254663
H8_EXT_OTH	1047	254663
H8_HL_CON_NAS	1533	233406
H8_HL_DEAFMUT	100	233406
H8_HL_IDIOP	1790	233406
H8_HL_MIX_NAS	2263	233406
H8_HL_NAS	1232	233406
H8_HL_PRESBY	2231	233406
H8_HL_SEN_NAS	19316	233406
H8_INNER	11124	249281
H8_MASTACU	157	244985
H8_MASTCHRON	502	244985
H8_MED_SUPP	8713	244985
H8_MENIERE	1791	249281
H8_MIDDLEADDH	277	244985
H8_MIDDLEMASTOID	15420	244985
H8_MYRINGACU	88	244985
H8_NOISEINNER	655	249281
H8_NONSUPPNAS	5215	244985
H8_OTALGIA	1058	233406
H8_OTHEREAR	26999	233406
H8_OTHHEARINGLOSS	5146	233406
H8_OTIMEDNAS	2193	244985
H8_OTOSCLE	1563	249281
H8_PERCHRONDR	286	254663
H8_PERFORATION	1788	244985
H8_PERIPHVERTIGO	1593	249281
H8_POSTOP	143	233406
H8_STENOEXTCAN	107	254663
H8_SUP_ACUTE	6304	244985
H8_SUP_OTINAS	464	244985
H8_TINNITUS	4304	233406
H8_VERTIGO	8935	249281
H8_VERTIGOCENT	236	249281
H8_VESTIBNEUR	1492	249281
H8_VESTIFUNCNAS	492	249281
HERING_BILATERAL	1835	226286
HERING_UNILATERAL	449	226286
HYPOTE_DRUGS	182	260223
HYPOTHYROIDISM	32925	65456
HYPOTHY_LEVOTHY	32581	65583
HYPOTHY_PURCHASE	32581	65583
HYPOTHY_REIMB	8575	65563
I9_AF	28670	135821
I9_AF_REIMB	15256	135821
I9_ANEUR	789	241202
I9_ANEURYSM	1184	241202
I9_ANGINA	21944	222551
I9_ANGIO	9519	222551
I9_AORTANEUR	3658	244907
I9_AORTDIS	554	244907
I9_ARTEMBTHR	990	244907
I9_ARTEMBTHRLOW	566	244907
I9_ARTEMBTHRNAS	457	244907
I9_ARTOTH	1691	244907
I9_ATHSCLE	8391	244907
I9_AVBLOCK	2935	182971
I9_CABG	6904	222551
I9_CARDARR	1359	135821
I9_CARDMPRI	2685	182971
I9_CARDMSEC	106	182971
I9_CARDMYO	3772	182971
I9_CARDMYOALC	87	256633
I9_CARDMYOHYP	367	182971
I9_CARDMYOOTH	1560	182971
I9_CERATHER	150	241202
I9_CEREBATHER	150	260255
I9_CEREBDOTH	1125	241202
I9_CEREBVASC	19203	241202
I9_CHD	25707	234698
I9_CHD_NOREV	21441	234495
I9_CONDUCTIO	5473	182971
I9_CORATHER	28598	222551
I9_CVD	135546	124859
I9_CVD_HARD	35894	224511
I9_DISCER	114	241202
I9_DISVEINLYMPH	34670	225735
I9_DOAAC	15498	244907
I9_DVTANDPULM	9808	250597
I9_ENDOCARD	548	182971
I9_E_DRONE	552	182971
I9_HEARTFAIL	15838	229946
I9_HEARTFAIL_ALLCAUSE	30098	229612
I9_HEARTFAIL_AND_ANTIHYPERT	28530	125718
I9_HEARTFAIL_AND_CHD	11034	234698
I9_HEARTFAIL_AND_HYPERTCARDIOM	361	259746
I9_HEARTFAIL_AND_OVERWEIGHT	30459	229946
I9_HEARTFAIL_NS	30459	229946
I9_HYPERTENSION	68050	192355
I9_HYPERTROCARDMYOP	659	259746
I9_HYPOTE	2264	257571
I9_HYPTENS	68005	192355
I9_HYPTENSEC	1667	135821
I9_HYPTENSESS	53941	192355
I9_HYPTENSHD	4967	192355
I9_HYPTENSHR	5641	192355
I9_HYPTENSPREG	9354	137707
I9_HYPTENSPUL	147	192355
I9_HYPTENSRD	592	192355
I9_ICH	2008	238850
I9_IHD	39358	221047
I9_INTRACRA	3364	241202
I9_ISCHHEART	37854	222551
I9_K_CARDIAC	10445	249960
I9_LBBB	979	182971
I9_LYMPHADE	1226	225735
I9_LYMPHOTH	485	225735
I9_MI	15787	222551
I9_MI_COMPLICATIONS	131	222551
I9_MI_STRICT	14305	222551
I9_MYOCARD	987	135821
I9_NONISCHCARDMYOP	15042	206005
I9_NONISCHCARDMYOP_STRICT	1105	219598
I9_NONRHEVALV	12375	182971
I9_OTH	2834	257571
I9_OTHANEUR	796	244907
I9_OTHARR	16287	182971
I9_OTHHEART	77434	182971
I9_OTHILLHEART	928	182971
I9_OTHINTRACRA	402	241202
I9_OTHOTH	596	257571
I9_OTHPER	1334	244907
I9_PAD	9021	244907
I9_PAROXTAC	5904	135821
I9_PERICAOTH	577	182971
I9_PERICARD	594	182971
I9_PERIPH	2126	244907
I9_PHLETHROM	4061	225735
I9_PHLETHROMBDVTLOW	5632	225735
I9_POSTAMI	1881	222551
I9_PROGVASC	333	241202
I9_PULMEMB	5130	254771
I9_PULMHEART	5634	254771
I9_PULMOTHHD	650	254771
I9_PVT	204	225735
I9_RBBB	537	182971
I9_REVASC	14741	222551
I9_RHEUFEV	683	259722
I9_RHEUFEVHRT	105	259722
I9_RHEUVALV	482	259722
I9_SAH	1620	238926
I9_SAHANEUR	2565	241202
I9_SECONDRIGHT	568	254771
I9_SEQULAE	5905	241202
I9_STENOSIS	248	241202
I9_STR	14351	238854
I9_STR_EMBOLIC	785	241202
I9_STR_EMBOLIC_WITH_FLIMMER	391	231735
I9_STR_EXH	12948	240124
I9_STR_SAH	15447	237836
I9_THROMBICV	135	241202
I9_THROMBOTH	2352	225735
I9_TIA	10830	240124
I9_UAP	8471	234495
I9_VALVES	44565	182971
I9_VARICVE	20425	225735
I9_VARICVEOES	594	225735
I9_VARICVESOTH	1250	225735
I9_VASCDEM	1089	250950
I9_VASCINT	503	244907
I9_VASCSYND	707	250357
I9_VEINSOTH	7286	225735
I9_VHD	47003	182971
I9_VTE	11288	249117
ILD	2351	233040
ILD_ENDPOINTS	27365	233040
ILD_INSUFFICIENCY	1224	233040
ILD_SYST_AUTO	498	233040
INCREASEDMUSCLETONE	111	260294
INFLUENZA	3226	223587
INV_VENT	769	258289
IPF	1178	233040
J10_ABSCLUNGPNEUMO	208	259588
J10_ACUTELOWERNAS	2738	247846
J10_ACUTEUPPERINFEC	21881	217020
J10_ARDS	217	257455
J10_ASBESTPNEUMOC	321	257982
J10_ASTHMA	25544	158452
J10_ASTHMACOPDKELA	24334	220458
J10_ASTHMA_EXMORE	25544	153302
J10_ASTHMA_INCLAVO	31664	228741
J10_ASTHMA_MAIN	21356	158452
J10_ASTHMA_MAIN_EXMORE	21356	153302
J10_BRONCH	1893	220458
J10_BRONCHIECTASIS	1371	220458
J10_BRONCHIOLITIS	1155	247846
J10_BRONCHITIS	9276	247846
J10_BRONCHNAS	634	220458
J10_CHEMGASRESP	156	257982
J10_CHRONLARYNGITIS	2623	199208
J10_CHRONRHINITIS	6519	199208
J10_CHRONSINUSITIS	10435	199208
J10_CHRONTONSADEN	29135	199208
J10_COLD	2639	217020
J10_COPD	9566	220458
J10_COPDNAS	9145	220458
J10_COPDNAS_INCLAVO	11196	249209
J10_EMPHYSEMA	910	220458
J10_EPIGLOTTITIS	256	217020
J10_EXTERLUNG	2423	257982
J10_HYPERSPNEUMONI	292	257982
J10_INFLUENZA	5193	223587
J10_INFLUPNEU	36818	223587
J10_INTERSTITIUM	2950	257455
J10_LARYNGITIS	2667	217020
J10_LOWCHRON	39947	220458
J10_LOWERINF	12559	247846
J10_NASALPOLYP	3919	199208
J10_NECROTIC	817	259588
J10_OTHERINSTPULM	2351	257455
J10_PERITONSABSC	4863	199208
J10_PHARYNGITIS	2779	217020
J10_PLEURA	8461	251944
J10_PLEUREFFUSION	2401	251944
J10_PLEUROTH	1556	251944
J10_PLEURPLAGUE	1647	251944
J10_PNEUMOBACT	9878	223587
J10_PNEUMOBACTEROTH	9306	223587
J10_PNEUMONAS	28942	223587
J10_PNEUMONIA	33723	226682
J10_PNEUMONISOLLIQ	1263	257982
J10_PNEUMONONBACT	459	223587
J10_PNEUMOPNEUMO	783	223587
J10_PNEUMOPROBBAC	33063	227342
J10_PNEUMOTHORAX	1122	251944
J10_PULMEOS	210	257455
J10_PULMOEDEMA	258	257455
J10_PYOTHORAX	618	259588
J10_RESPCONDEXT	279	257982
J10_RESPDISOTH	3415	256990
J10_RESPIRATORY	129803	130602
J10_RESPOTHER	3415	256990
J10_SEPTDEV	7716	199208
J10_SIMPLBRONCH	770	220458
J10_SINUSITIS	13292	217020
J10_TONSILLITIS	8545	217020
J10_UPPERDIS	61197	199208
J10_UPPERINFEC	43385	217020
J10_VASOALLERRHIN	8975	199208
J10_VIRALPNEUMO	859	223587
J10_VOCALLARYNX	12149	199208
JOINTPAIN	16603	153983
JUVEN_ARTHR	1001	203797
K11_ABSCANAL	1568	215956
K11_ACHAL	317	225008
K11_ACUTGASTR	1553	225008
K11_ACUTPANC	3716	231644
K11_ADHE	1355	215956
K11_ALCGASTR	311	225008
K11_ALCOLIV	1736	253990
K11_ANOMALI_DENTAL_ARCH_RELATIONS1	1605	258800
K11_ANOMALI_JAW_C_BASE_RELATIONS	1558	258847
K11_APHTA_RECUR	742	259663
K11_APPENDACUT	18798	240075
K11_APPENDIX	20330	240075
K11_APPENDOTH	1657	240075
K11_ASYMMETRY_JAW	221	260184
K11_ATROPHY_SALIVARY_GLAND	271	260134
K11_ATTRITION	383	232264
K11_BARRET	600	225008
K11_BILIAOTH	1242	231644
K11_CARIES	4953	232264
K11_CARIES_DENTIN	4239	232264
K11_CARIES_INCLAVO	96433	163972
K11_CD_NOUC	810	249705
K11_CD_STRICT	1047	259228
K11_CD_STRICT2	1020	259228
K11_CHOLANGI	952	231644
K11_CHOLANGI_STRICT	309	246604
K11_CHOLECYST	2439	231644
K11_CHOLELITH	23089	231644
K11_CHRONGASTR	6275	225008
K11_CHRONHEP	555	253990
K11_CHRONPANC	2250	231644
K11_COELIAC	2367	250843
K11_CONSTIPATION	22548	237857
K11_CROHN	2532	249705
K11_CROSSBITE	372	260033
K11_CROWDI_TEETH	444	259961
K11_DEEP_BITE	736	259669
K11_DENTOFACIAL_ANOMALIES	5860	232264
K11_DEPOSITS	999	232264
K11_DIAHER	7024	226286
K11_DISLIVOTH	2875	253990
K11_DISOESINOTH	287	225008
K11_DISORD_TEETH	3879	232264
K11_DISTAL_BITE	198	260207
K11_DIVERTIC	17851	215956
K11_DULC	2151	225008
K11_EMBED_TEETH	885	259011
K11_EMBED_TEETH_INCLAVO	1394	259011
K11_EMBIMPACT_TEETH	1857	232264
K11_ENERCOLNONINF	10700	249705
K11_EROSION	187	232264
K11_EROSION_INCLAVO	2322	258083
K11_ERUPTION	943	259462
K11_FEMHER	849	226286
K11_FIBROCHIRLIV	1036	253990
K11_FISSANAL	5500	215956
K11_FISTULA	5739	254666
K11_FUNCDYSP	5313	225008
K11_GALLBILPANC	28761	231644
K11_GALLBLAOTH	752	231644
K11_GASTRODUOULC	5627	225008
K11_GIBLEEDING	6129	250843
K11_GIDISEASES	129457	130948
K11_GINGIVA	542	232264
K11_GINGIVITIS_ACUTE	186	232264
K11_GINGIVITIS_CHRONIC	1044	232264
K11_GINGIVITIS_CHRONIC_INCLAVO	1044	259361
K11_GINGIVITIS_PERIODONTAL	4985	232264
K11_GINGIV_HYPERPLAS	239	232264
K11_GJULC	173	225008
K11_GULC	3601	225008
K11_HAEMORR	4534	215956
K11_HEPFAIL	570	253990
K11_HERING	20538	226286
K11_HERNIA	34119	226286
K11_HYPODONTIA	319	259999
K11_HYPODONTIA_ANODONTIA	406	259999
K11_HYPODONTIA_INCLAVO	508	259897
K11_HYPODO_NOS	95	259999
K11_HYPOLASIA_ENAMEL	121	260273
K11_HYPO_ONLY	315	260090
K11_HYPO_ONLY_INCLAVO	536	259736
K11_IBD	7206	253199
K11_IBD_STRICT	4611	249705
K11_IBD_STRICT_PSC	174	236507
K11_IBS	5628	215956
K11_ILEUS	4970	215956
K11_IMPACT	115	215956
K11_IMPACTED_TEETH	1049	259356
K11_INTESTOTH	44449	215956
K11_INTUSS	319	215956
K11_JAWS	1067	232264
K11_KELACROHN	1177	259228
K11_KELAIBD	5047	249705
K11_KELAUC	3752	256653
K11_LIP_ORAL_MUCOSA	2848	232264
K11_LIVER	6415	253990
K11_MAJOR_ANOMALI_JAW_SIZE	404	260001
K11_MALABSORB	728	250843
K11_MANDIBULAR_HYPOPL	90	260315
K11_MANDIBULAR_MOLAR_FAILED_ERUPT_OBSTRUCTION_TOOTH	604	259801
K11_MAXIL_MOLAR_FAILED_ERUPT_OBSTRUCTION_TOOTH	185	260220
K11_MIH	132	260273
K11_MIH_CARIES	85	232264
K11_MISS_TEETH_ACCID_EXTR_PAROD	1833	232264
K11_MN_PROGN_AND_SURGRT	153	260208
K11_MN_PROGN_AND_SURGRT_INCLAVO	197	260208
K11_MN_RERTGN_AND_SURG	927	259478
K11_OESITIS	898	225008
K11_OESOBST	588	225008
K11_OESSTODUO	35397	225008
K11_OESULC	1358	225008
K11_OESULC_ADVERSE	91	260314
K11_OPEN_BITE	497	259908
K11_ORAL	28141	232264
K11_ORALCYST	729	232264
K11_ORAL_LEUCOPLACIA	326	260079
K11_ORAL_LEUCOPLAC_RELAT	1027	259378
K11_OTHABDHER	627	226286
K11_OTHANRECT	5802	215956
K11_OTHAPPEND	199	240075
K11_OTHDIG	9562	250843
K11_OTHDISDIG	5999	250843
K11_OTHDISOES	1844	225008
K11_OTHDISSTOMDUOD	1100	225008
K11_OTHENTERCOL	4737	249705
K11_OTHFUNC	9137	215956
K11_OTHGASTR	4726	225008
K11_OTHILEUS	3370	215956
K11_OTHINFLIV	1146	253990
K11_OTHINT	1596	215956
K11_OTHPERITON	847	258425
K11_OVERJET	124	260281
K11_PANCOTH	922	231644
K11_PARALIL	633	215956
K11_PARODON_CHRON	3685	232264
K11_PARODON_PERIAPIC_CHRONIC	3413	232264
K11_PERIODON_ACUTE	444	232264
K11_PERIODON_CHRON	2423	232264
K11_PERIODON_CHRON_COMPL	1262	259143
K11_PERIODON_CHRON_INCLAVO	14631	245774
K11_PERITON	1980	258425
K11_PERITONITIS	1148	258425
K11_POSTOPDIS	483	250843
K11_PSC_COLITIS	246	231644
K11_PSC_COLITIS_STRICT	194	231644
K11_PULC	175	225008
K11_PULP_PERIAPICAL	6462	232264
K11_PULP_PERIAPICAL_INCLAVO	48687	211718
K11_REFLUX	16043	225008
K11_REIMB_202	13801	246604
K11_RESORBTION	84	232264
K11_RETROG_MAXILLAE	224	260181
K11_SALIVARY	3801	232264
K11_SCISS_BITE	96	260309
K11_STOMATITIS	1467	232264
K11_STRICTURE	5425	254980
K11_SUPERN_TEETH_INCLAVO	115	260290
K11_TEETH_HARD	1778	232264
K11_TONGUE	1105	232264
K11_TOOTH_DEV	931	232264
K11_TOXLIV	226	253990
K11_UC_NOCD	2768	249705
K11_UC_STRICT	3276	256653
K11_UC_STRICT2	3135	256653
K11_UC_STRICT_PSC	143	239665
K11_ULCER	5349	249705
K11_UMBHER	5116	226286
K11_VASCINT	911	215956
K11_VENTHER	4571	226286
K11_VOLVU	389	215956
K13_ORAL_LICHEN_RUBER	244	260161
KELA_DIAB_INSUL	35494	224911
KELA_DIAB_INSUL_EXMORE	35494	214299
KNEE_ARTHROSIS	27799	203797
KRA_PSY_ALCOH	3145	257260
KRA_PSY_ALCOH_EXMORE	3145	198105
KRA_PSY_ANXIETY	25224	235181
KRA_PSY_ANXIETY_EXMORE	25224	198105
KRA_PSY_ANYMENTAL	62300	198105
KRA_PSY_ANYMENTAL_SUICID_PREG_NERV	2132	258273
KRA_PSY_AUTISM	335	260070
KRA_PSY_AUTISM_EXMORE	335	198105
KRA_PSY_BEHAV	443	259962
KRA_PSY_BEHAV_EXMORE	443	198105
KRA_PSY_CHILDEMOT	949	259456
KRA_PSY_CHILDEMOT_EXMORE	949	198105
KRA_PSY_CHILDSOC	150	260255
KRA_PSY_CHILDSOC_EXMORE	150	198105
KRA_PSY_CODUCTEMOT	468	259937
KRA_PSY_CODUCTEMOT_EXMORE	468	198105
KRA_PSY_DEMENTIA	7009	253396
KRA_PSY_DEMENTIA_EXMORE	7009	198105
KRA_PSY_DEVWIDE	471	259934
KRA_PSY_DEVWIDE_EXMORE	471	198105
KRA_PSY_EATING	1789	258616
KRA_PSY_EATING_EXMORE	1789	198105
KRA_PSY_HYPERKIN	1145	259260
KRA_PSY_HYPERKIN_EXMORE	1145	198105
KRA_PSY_MENTALRET	776	259629
KRA_PSY_MENTALRET_EXMORE	776	198061
KRA_PSY_MOOD	31552	228853
KRA_PSY_MOOD_EXMORE	31552	198105
KRA_PSY_MOTOR	269	260136
KRA_PSY_MOTOR_EXMORE	269	198105
KRA_PSY_PERSON	7121	253284
KRA_PSY_PERSON_EXMORE	7121	198101
KRA_PSY_PUERPER	217	146844
KRA_PSY_PUERPER_EXMORE	217	111471
KRA_PSY_SCHIZODEL	10760	249645
KRA_PSY_SCHIZODEL_EXMORE	10760	198105
KRA_PSY_SLEEP_NONORG	2642	257763
KRA_PSY_SLEEP_NONORG_EXMORE	2642	198105
KRA_PSY_SPEELING	1554	258851
KRA_PSY_SPEELING_EXMORE	1554	198105
KRA_PSY_SUBSTANCE	15463	244942
KRA_PSY_SUBSTANCE_EXMORE	15463	198062
KRA_PSY_TIC	209	260196
KRA_PSY_TIC_EXMORE	209	198105
L12_ABSCESS_CUT	4694	247827
L12_ACNE	1558	250988
L12_ACNE_CONGLOBLATA	88	250988
L12_ACNE_NAS	185	250988
L12_ACNE_VULGARIS	1315	250988
L12_ACTINKERA	5921	253634
L12_ALLERGICCONTACT	2708	236161
L12_ALOPECANDRO	119	141492
L12_ALOPECAREATA	367	250988
L12_APOCRINESWEAT	80	250988
L12_ATOPIC	8383	236161
L12_ATROPHICSKIN	2035	246609
L12_BULLOTH	470	259498
L12_BULLOUS	907	259498
L12_CELLULITIS	3783	247827
L12_CHRONICULCEROFSKIN	1036	246609
L12_CORNSANDCALLOS	1343	246609
L12_CUTLAXSEN	118	253634
L12_DECUBITANSULCERANDPRESSURE	816	246609
L12_DERMATHERP	338	259498
L12_DERMATITISECZEMA	24244	236161
L12_DERMATITISNAS	12619	236161
L12_DERM_NAS	10210	236161
L12_DERM_NUMMULAR	1284	236161
L12_DISORDSKINAPPENDIX	9417	250988
L12_DYSHIDROSIS	246	236161
L12_EPIDERMALTHICKOTH	599	246609
L12_EPIDERMTHICKNAS	408	246609
L12_ERYTHEMAMULTIF	388	252688
L12_ERYTHEMANODOSUM	539	252688
L12_ERYTHEMATOUSOTH	509	252688
L12_ERYTHRO_KELA	215	252688
L12_ERYTH_NAS	441	252688
L12_ERYT_INTERTRIG	281	236161
L12_EXFOLIATIVE	179	236161
L12_FACTITIALDERMAT	92	246609
L12_FOLICULAROTH	1082	250988
L12_FOLLICULARCYST	3370	250988
L12_FOLLICULARNAS	541	250988
L12_FOODDERMAT	539	236161
L12_GRANUANNU	219	246609
L12_GRANULOMATOUSSKIN	429	246609
L12_HAIRLOSSNONSCAR	106	250988
L12_HAIRLOSSSCAR	99	250988
L12_HIDRADENITISSUP	536	250988
L12_HIRSUTISM	279	250988
L12_HYPERTRICHOSIS	325	250988
L12_HYPERTROPHICSKIN	994	246609
L12_HYPETROPHICSCAR	936	246609
L12_IMPETIGO	728	247827
L12_INFECT_DERM	2081	236161
L12_INFECT_SKIN	12578	247827
L12_INFECT_SKIN_NAS	1399	247827
L12_INFECT_SKIN_OTHER	1558	247827
L12_INTERNALSUBSTANCEDERM	1426	236161
L12_LICHENPLANUS	2243	252323
L12_LICHENPLANUS_INCLAVO	2943	257462
L12_LICHENSCLERATROPH	1217	246609
L12_LICHENSIMPLEX	566	236161
L12_LICHSIMPANDPRURIGO	1043	236161
L12_LOCALDCONNECTISSUEOTH	295	246609
L12_LOCALSCLERODERMA	220	246609
L12_LUPUS	391	246609
L12_LYMPHADENITIS	1200	247827
L12_NAILDIS	1381	250988
L12_NAILNAS	255	250988
L12_NAIL_DYSTROPHY	109	250988
L12_NAIL_INGROW	931	250988
L12_NAIL_LYSIS	86	250988
L12_NECROLIPOIDIC	119	246609
L12_NONIONRADISKIN	6146	253634
L12_NONIONRADISKINNAS	215	253634
L12_OTHACUSKINSUN	632	253634
L12_OTHACUSKINSUNNAS	473	253634
L12_OTHERBULL	143	259498
L12_OTHERCONTACT	1594	236161
L12_OTHERDISSKINANDSUBCUTIS	2739	246609
L12_OTHERINFILTRATIVESKIN	80	246609
L12_OTHERMELANIN	314	246609
L12_OTHERSKINSUBCUTIS	13796	246609
L12_OTHPIGMENTATION	643	246609
L12_PAPULOSQUAMOUS	8082	252323
L12_PAPULOSQUAOTH	157	252323
L12_PAPULOSQUONAS	86	252323
L12_PARAPSORI	305	252323
L12_PEMPHIGOID	350	259498
L12_PEMPHIGOID_BULL	271	259498
L12_PEMPHIGOID_NAS	94	259498
L12_PEMPHIGUS	97	259498
L12_PERIORALDERM	238	250988
L12_PIGMENTNAS	116	246609
L12_PIGPURPDERM	133	246609
L12_PILONIDALCYST	1766	247827
L12_PITYROCHEA	114	252323
L12_POLYMORPHLIGHTERUPT	118	253634
L12_PRURIGONAS	180	236161
L12_PRURIGONOD	369	236161
L12_PRURITUS	1645	236161
L12_PSORIASIS	5621	252323
L12_PSORI_ARTHRO	2063	252323
L12_PSORI_GUTTATE	212	252323
L12_PSORI_NAS	955	252323
L12_PSORI_PUSTUPALM	655	252323
L12_PSORI_VULG	3508	252323
L12_PYODERMA	348	247827
L12_PYODERMAGANGRENOSUM	81	246609
L12_PYOGENGRANUL	236	246609
L12_RADIATIONRELATEDSKIN	6771	253634
L12_RHINOPHYMA	80	250988
L12_ROSACEA	1479	250988
L12_ROSACEANAS	1215	250988
L12_SCARCONDITIONS	601	246609
L12_SEBORRHOEIC	1534	236161
L12_SEBORRKERAT	2993	246609
L12_SKIN	62416	197989
L12_SKINSUBCUTISNAS	1353	246609
L12_STRIAEATROPHICAE	165	246609
L12_ULCERLOWLIMB	1950	246609
L12_URTICARIA	6168	252688
L12_URTICARIAERYTHEMA	7717	252688
L12_URTICA_ALLERG	1427	252688
L12_URTICA_CHOLINERG	83	252688
L12_URTICA_COLDHEAT	125	252688
L12_URTICA_DERTMATOG	1057	252688
L12_URTICA_IDIOPAT	257	252688
L12_URTICA_NAS	3967	252688
L12_VASCULITISNAS	333	246609
L12_VASCULITISSKIN	363	246609
L12_VITILIGO	156	246609
L12_XEROSCUT	115	246609
LOCALIZED_SKIN_ERUPT_DRUGS_MEDICAM	154	260251
LUNG_TRANSPLANTATION	117	260288
M13_ABSCTENDON	92	197724
M13_ACHILLESTEND	1972	194289
M13_ADHCAPSULITIS	3663	197724
M13_ALGONEURO	553	249139
M13_ANKLEFOOT	127	173414
M13_ANKYLOSISJOINT	96	173414
M13_ANKYLOSPON	1846	194289
M13_ANKYLOSPON_STRICT	757	258683
M13_ARTHINOTH	656	173414
M13_ARTHRITISNAS	5498	173414
M13_ARTHROPATHIES	86991	173414
M13_ARTHROSIS	45467	173414
M13_ARTHROSIS_INCLAVO	57873	202532
M13_ARTHROSIS_KNEE	27799	173414
M13_ARTHROSIS_KNEE_PRIM_ICD10	24982	235423
M13_ARTHROSIS_KNEE_PRIM_KNEESURG	10721	235423
M13_ARTHROSIS_OTH	12538	173414
M13_ARTHROSIS_POLY	3321	173414
M13_ARTHTROSIS_COX	13119	173414
M13_ARTHTROSIS_COX_PRIM_HIPSURG	8626	248572
M13_ARTHTROSIS_COX_PRIM_ICD10	11833	248572
M13_ATLOAXSUBLUX	115	194289
M13_BAKERCYST	1264	197724
M13_BICIPITALTEND	842	197724
M13_BIOMECHLESIO	660	257978
M13_BONECONTINUITY	1359	249139
M13_BONEDENSOTH	431	249139
M13_BONEDISNAS	510	249139
M13_BURSCYSTOTH	243	197724
M13_BURSELBOWOTH	104	197724
M13_BURSITISHIPOTH	311	197724
M13_BURSITISKNEEOTH	219	197724
M13_BURSITISOTH	188	197724
M13_BURSOPATHY	2457	197724
M13_CALCANSPUR	198	197724
M13_CALCIFICTEND	1045	197724
M13_CALCTENDINITIS	153	197724
M13_CARTILAGE	521	173414
M13_CERVICALGIA	4043	194289
M13_CERVICDISC	8870	194289
M13_CERVICOBRACHSDR	4443	194289
M13_CERVICOCRANSDR	1809	194289
M13_CHONDROMALACIA	517	256248
M13_CHRONDROPATHIES	3094	256248
M13_CHRONSYNOVITISHANDWRIST	247	197724
M13_CLAWCLUBHANDFOOT	80	173414
M13_CONNECTNAS	1039	253350
M13_CONTRACTUREJOINT	219	173414
M13_CRYSTALARTH	212	173414
M13_DEFORMACQ	821	257978
M13_DEFORMDORSO	5765	194289
M13_DEFORMDORSONAS	363	194289
M13_DEQUERVAIN	909	197724
M13_DERMATOMYOTH	88	253350
M13_DERMATOPOLY	262	253350
M13_DERMATOPOLYNAS	90	253350
M13_DISCINFECTION	162	194289
M13_DISCITIS	237	194289
M13_DISSYNOTENDNAS	859	197724
M13_DORSALGIA	35486	194289
M13_DORSALGIANAS	8800	194289
M13_DORSOPATHY	66116	194289
M13_DORSOPATHYNAS	647	194289
M13_DORSOPATHYOTH	48486	194289
M13_DUPUTRYEN	3248	197724
M13_EARLY_LUMBAR_PROLAPSE	5273	255132
M13_ENTEROARTHR	384	173414
M13_ENTESOPATHYFOOT	1669	197724
M13_ENTESOPATHYLOW	4271	194289
M13_ENTESOPATHYLOWNAS	1253	194289
M13_ENTESOPATHYNAS	1801	197724
M13_ENTESOPATHYOTH	6594	197724
M13_FATPADHYPERTROPHY	180	197724
M13_FIBROBLASTIC	5053	197724
M13_FIBROMYALGIA	1045	197724
M13_FINGERDEFORM	118	173414
M13_FLATFOOT	1560	173414
M13_FOREIGNBODY	836	197724
M13_FORESTIER	222	194289
M13_GANGLION	4648	197724
M13_GIANTCELL	584	253350
M13_GLUTEALTEND	433	194289
M13_GOUT	4502	173414
M13_HALLUDEFORMOTH	143	173414
M13_HALLUXRIGIDUS	2921	173414
M13_HALLUXVALGUS	10111	173414
M13_HAMMERTOE	3659	173414
M13_HTROMBMICROANG	114	253350
M13_HYPERANG	101	253350
M13_HYPERMOBILITY	904	253350
M13_ILIOTIBBAND	166	194289
M13_IMPINGEMENT	6150	197724
M13_INFBURSA	480	197724
M13_INTERVERTEB	24239	194289
M13_JOINTOTH	19908	173414
M13_JUVEARTH	846	173414
M13_JUVERHEU	456	173414
M13_JUVOSTEOCHONRHIP	614	256248
M13_KNEEDERANGEMENTS	23828	173414
M13_KYPHOSIS	174	194289
M13_LATERALEPICOND	2738	197724
M13_LIMBDEFORM	81	173414
M13_LIMBLENGTH	144	173414
M13_LIMBPAIN	15782	197724
M13_LOOSEJOINT	440	173414
M13_LOWBACKPAIN	16356	194289
M13_LOWBACKPAINORANDSCIATICA	24115	236290
M13_MEDIALEPICOND	654	197724
M13_MENISCUSDERANGEMENTS	16428	173414
M13_METATARSALGIA	1528	197724
M13_MICROPOLYANG	83	259228
M13_MONOARTHRITIS	789	173414
M13_MULTIFIBRO	108	253350
M13_MUSCLE	1804	197724
M13_MUSCLEATROPH	97	197724
M13_MUSCLEDISNAS	529	197724
M13_MUSCLESTRAIN	455	197724
M13_MUSCULOSKELEOTH	2427	257978
M13_MUSCULOSKELETAL	140249	120156
M13_MYALGIA	3822	197724
M13_MYOSITIS	423	197724
M13_NECROVASC	1177	253350
M13_NECROVASCNAS	235	253350
M13_NEURALGIA	827	197724
M13_OLECRANONBURSITIS	1016	197724
M13_OSTEOCHONDRO	11266	249139
M13_OSTEOCHONDROPATHY	1392	256248
M13_OSTEOMALACIA	154	249139
M13_OSTEOMYELITIS	1030	249139
M13_OSTEONECROSIS	763	249139
M13_OSTEOPOROSIS	3960	249139
M13_OTHCONN	5274	253350
M13_OTHERBONE	4157	249139
M13_OTHERJOINT	53278	173414
M13_OVERLAP	307	253350
M13_OVERUSENAS	481	197724
M13_PALINDROMIC	179	173414
M13_PANNICULITIS	769	194289
M13_PANNICULITISNAS	163	197724
M13_PATELLADISLOCATIO	1016	173414
M13_PATELLAOTH	4311	173414
M13_PATELLARTEND	261	194289
M13_PATHODISLOCATIO	1731	173414
M13_PERONEALTEND	178	194289
M13_PLANTARFASC	1777	197724
M13_POLNODOSA	106	253350
M13_POLYARTERETAL	222	253350
M13_POLYARTHRITIS	643	173414
M13_POLYARTHROPATHIES	19175	173414
M13_POLYMYALGIA	1907	253350
M13_POLYMYO	147	253350
M13_POSTOPMUSCULOSKE	1015	257978
M13_PREPATELLARBURSITIS	771	197724
M13_PSORIARTH	1935	173414
M13_PSORIARTH_ICD10	1820	258585
M13_PYOGARTH	1265	173414
M13_RADICULOPATHY	3530	194289
M13_REACTARTH	1854	173414
M13_RECUDISLOCATIO	1475	173414
M13_RHEUMA	7909	173414
M13_RHEUMATISM	3252	197724
M13_RHEUMA_INCLAVO	8428	251977
M13_ROTATORCUFF	15286	197724
M13_SACROCOGG	553	194289
M13_SACROILIITIS	769	194289
M13_SCIATICA	11025	194289
M13_SCOLIOSIS	1478	194289
M13_SHORTACHILLES	397	197724
M13_SHOULDER	22176	197724
M13_SHOULDERBURSITIS	389	197724
M13_SHOULDERNAS	1423	197724
M13_SJOGREN	1606	253350
M13_SLE	687	253350
M13_SOFTOVERUSE	4899	197724
M13_SOFTTISSUE	62681	197724
M13_SOFTTISSUENAS	968	197724
M13_SOFTTISSUEOTH	23779	197724
M13_SPINALOSTEOCHON	211	194289
M13_SPINENTHES	664	194289
M13_SPININSTAB	549	194289
M13_SPINSTENOSIS	11291	194289
M13_SPONDYLINFLAMNAS	871	194289
M13_SPONDYLOLISTHESIS	3335	194289
M13_SPONDYLOPATHINOTH	156	194289
M13_SPONDYLOPATHY	23032	194289
M13_SPONDYLOPATHYNAS	435	194289
M13_SPONDYLOSIS	11752	194289
M13_SPONTRUPTSYNOTEND	1374	197724
M13_SYNOHYPERTROPH	183	197724
M13_SYNOTEND	12644	197724
M13_SYNOTENDINOTH	311	197724
M13_SYSTCONNECT	7055	253350
M13_SYSTSLCE	392	253350
M13_TEMPARTERIT	534	253350
M13_TENDOSYNOVITISNAS	2362	197724
M13_THORACISPINEPAIN	2747	194289
M13_TIBIALCOLLATERAL	174	194289
M13_TIETZE	481	256248
M13_TOEDEFORMOTH	599	173414
M13_TORTICOLLIS	310	194289
M13_TRANSSYNOVITIS	132	197724
M13_TRIGGERFINGER	2432	197724
M13_TROCHANTERICBURSITIS	1983	197724
M13_VALGUS	113	173414
M13_VARUS	201	173414
M13_VERTEBCOLLAPSE	101	194289
M13_VILLONODULAR	141	173414
M13_WEGENER	287	253350
MACULAR_CYST	198	241190
MACULAR_HOLE	659	241190
MACULAR_PUCKER	1691	241190
MACULA_NAS	2077	241190
MEMLOSS	1621	249830
MENINGITIS	929	258209
MIGRAINE_TRIPTAN	25316	235089
MIGRAINE_UNSPE	137	260268
MND	279	131274
MUCOPROCT	2468	249705
MYCOBLUNGATYPICA	169	253400
MYELOPROF	1083	259322
MYELOPROF_NONCML	952	259322
N14_ABNORMALBLEED	7326	81593
N14_ACUTENEPHRITIC	390	256729
N14_ACUTERENFAIL	2952	252950
N14_AMENORRHEAPRIM	1419	81593
N14_BARTHOABSCESS	428	132859
N14_BARTHOCYS	688	132859
N14_BARTHOOTHNAS	588	132859
N14_BENIGNMAMDYSP	3031	136614
N14_BREAST	10447	136614
N14_BREASTDISOTH	1925	136614
N14_CALCUKIDUR	5985	253943
N14_CALCULOWER	768	253943
N14_CHRONEPHROPATH	756	256729
N14_CHRONKIDNEYDIS	4959	252950
N14_CHRONTUBULOINTNEPHRITIS	744	238716
N14_COMPLICARTFERT	284	139081
N14_CYSTITIS	9918	231480
N14_CYSTKID	872	258448
N14_DIALYSIS	746	252950
N14_DISIMPAIRRENTUB	497	258448
N14_DYSPLACERVUT	5151	81593
N14_ENDOMETRIOSIS	10029	81593
N14_ENDOMETRIOSIS_ASRM_STAGE1_2	3712	143349
N14_ENDOMETRIOSIS_ASRM_STAGE3_4	5028	142033
N14_ENDOMETRIOSIS_DEEP	1841	142033
N14_ENDOMETRIOSIS_FALLOPIAN_TUBE	135	81593
N14_ENDOMETRIOSIS_INTESTINE	226	81593
N14_ENDOMETRIOSIS_NOS	1769	81593
N14_ENDOMETRIOSIS_OVARY	3889	81593
N14_ENDOMETRIOSIS_PELVICPERITONEUM	3620	81593
N14_ENDOMETRIOSIS_RECTPVAGSEPT_VAGINA	1626	81593
N14_ENDOMETRIOSIS_UTERUS	2866	81593
N14_ENDOMET_INFERT	1956	83912
N14_EROSECTROPUT	595	81593
N14_FEMALEGENINF	14202	132859
N14_FEMALEGENNONINF	65468	81593
N14_FEMALEINFERT	7980	81593
N14_FEMGENFISTUL	261	81593
N14_FEMGENPAIN	4062	81593
N14_FEMGENPROL	10919	81593
N14_FIANOV	1336	139081
N14_FIOTHNAS	6975	139081
N14_FITUB	958	139081
N14_GALACTORRHEA	173	136614
N14_GENITOURINARY	124266	136139
N14_GENITOUROTH	2163	258242
N14_GLOMEINOTH	2142	256729
N14_GLOMERULAR	3676	256729
N14_HABITABORT	317	81593
N14_HYDROCELE	3171	85722
N14_HYDRONEPHR	1761	238716
N14_HYPERTROPHYBREAST	2935	136614
N14_IMPOTENCE	707	85722
N14_INFCERVIX	1303	132859
N14_INFLAMALEGEN	207	85722
N14_INFLAMMBREAST	943	136614
N14_INFLUTH	2687	132859
N14_ISOLPROTEINURIA	161	256729
N14_KIDUROTH	1957	258448
N14_LUMPNASBREAST	3135	136614
N14_MALEGEN	27622	85722
N14_MALEGENINOTH	89	85722
N14_MALEINFERT	825	85722
N14_MENOPAUSOT	1491	81593
N14_MENORRHAGIA	14230	81593
N14_MENSIRREG	10570	136491
N14_MESNRUIRREG	23729	81593
N14_NEPHRITICNAS	401	256729
N14_NEPHROTICSYND	555	256729
N14_NEUROMUSCDYSBLADD	1565	231480
N14_OBSTRUREFLUROPATH	2119	238716
N14_OLIGOMEN	720	81593
N14_ORHCEPINDIDYMITIS	1583	85722
N14_OTHBLADD	1944	231480
N14_OTHDISMALEGEN	542	85722
N14_OTHETNASKIDUR	531	258448
N14_OTHFEMPELINF	3531	132859
N14_OTHINFVAGVULV	610	132859
N14_OTHNONINFCERVIX	969	81593
N14_OTHNONINFOVA	466	81593
N14_OTHNONINFUTER	6200	81593
N14_OTHNONINFVAG	1504	81593
N14_OTHNONINFVULV	1490	81593
N14_OTHPENIS	1563	85722
N14_OVARTORS	391	81593
N14_OVARYCYST	13096	81593
N14_OVAR_HYPERSTIM	259	139081
N14_PHIMOSIS	4314	85722
N14_POLYPFEMGEN	8997	81593
N14_POSTMENATRVAG	707	81593
N14_POSTMENBLEED	7065	81593
N14_PREMENSTSYNDROM	115	81593
N14_PROHERNOV	884	81593
N14_PROSTAOTH	548	85722
N14_PROSTATITIS	2301	85722
N14_PROSTHYPERPLA	16601	85722
N14_PYELONEPHR	13647	238716
N14_RECURANDPERHEAMATUR	160	256729
N14_RENALCOLNAS	97	253943
N14_RENALTUB	21689	238716
N14_RENALTUBULOINOTH	150	238716
N14_RENALTUBULOOTH	441	238716
N14_RENFAIL	7455	252950
N14_RENFAILNAS	1274	252950
N14_SALPHOOPH	3958	132859
N14_SPERMATOCELE	1301	85722
N14_TORSIOTEST	344	85722
N14_TUBULOINTNEPHRNAS	1373	238716
N14_ULCERVAGVUL	271	132859
N14_UNSPECKIDCONTR	80	258448
N14_URETHRALSTRICT	958	231480
N14_URETHRAOTH	19479	231480
N14_URETHRITISANDURSYNDR	389	231480
N14_URINOTH	28925	231480
N14_UROLITHIASIS	6462	253943
N14_UTER_POLYP	1768	81593
N14_VAGINITIS	2427	132859
N14_VULVOVAGINFINOTH	789	132859
NAFLD	1135	259270
NECROVASC_FG	1034	203797
NEURODEGOTH	6808	161031
NIV	1476	125689
NONALLERG_ASTHMA	4432	158452
NONALLERG_ASTHMA_EXMORE	4432	153302
O15_ABORT_FAILED	216	105738
O15_ABORT_MEDICAL	24770	105738
O15_ABORT_OTHER	144	105738
O15_ABORT_SPONTAN	11149	105738
O15_ABORT_UNS	978	105738
O15_AMNIOT_OTHER	2238	123117
O15_ANTENAT_ABNORM	1085	130424
O15_ANTEPART_HAEM_NAS	1426	123117
O15_BIRTH_BREAT_INFECT	570	141596
O15_BREAST_LACT_OTHER_DIS	278	141596
O15_COMPLIC_ABORT_ECTOP_MOLAR	751	105738
O15_COMPLIC_LAB_DELIV	30842	116219
O15_COMPLIC_PUERP	5465	141596
O15_CONCEPT_ABNORM	7241	105738
O15_DELIVERY	77820	69241
O15_DELIVERY_PROXY	87987	59074
O15_DELIV_CAESAR	7065	69241
O15_DELIV_FORCEP_VAC	4145	69241
O15_DELIV_MULTIP	1541	69241
O15_DELIV_OTHER_ASSIST	225	69241
O15_DELIV_PERIN_LACER	2592	116219
O15_DELIV_SPONT	71075	69241
O15_ECLAMPSIA	329	136325
O15_EXCESS_VOMIT_PREG	1429	130424
O15_EXIST_HYPERT_COMPLIC	1367	136325
O15_FAILED_INDUCT	717	116219
O15_FALSE_LAB	8138	123117
O15_GESTAT_HYPERT	5240	136325
O15_GESTAT_OEDEM_PREINUR	1787	136325
O15_HAEMORRH_EARLY_PREG	3896	130424
O15_HYPTENSPREG	9354	137707
O15_ICP	1177	145884
O15_ICP_EXMORE	1177	82393
O15_ICP_WIDE	1546	145515
O15_LABOUR_ABNORM_FORCES	2092	116219
O15_LABOUR_FETAL_STRESS	4586	116219
O15_LABOUR_INTRAPART_HAEMORRH	1017	116219
O15_LABOUR_LONG	4726	116219
O15_LABOUR_MALPOS	4496	116219
O15_LABOUR_OBSTR_OTHER	1439	116219
O15_LABOUR_OTHER	1512	116219
O15_LABOUR_PELVIC_ABNORM	3403	116219
O15_LABOUR_UMBILICAL	867	116219
O15_MATERN_CARE	23944	123117
O15_MATERN_CARE_DISPROP	806	123117
O15_MATERN_CARE_FETAL_ABNORM	2898	123117
O15_MATERN_CARE_OTHER	5258	123117
O15_MATERN_CARE_PELVIC_ABNORM	4870	123117
O15_MATERN_HYPERT_UNS	158	136325
O15_MATERN_INFECT_ELSEWHERE	340	140572
O15_MAT_CARE_MALPRESENT	3314	123117
O15_MEMBR_PREMAT_RUPT	3923	123117
O15_MULTIP_GEST	1487	123117
O15_OBSTET_NAS	6489	140572
O15_OBSTET_TRAUMA_OTHER	875	116219
O15_OEDEM_PROTUR_HYPERT	10736	136325
O15_OTHER_MATERN_DIS_ELSEWHERE	6243	140572
O15_PLAC_DISORD	125	123117
O15_PLAC_PRAEVIA	725	123117
O15_PLAC_PREMAT_SEPAR	376	123117
O15_POLYHYDR	718	123117
O15_POSTPART_DEPR	9392	69241
O15_POSTPART_HEAMORRH	4714	116219
O15_PREECLAMPS	4349	136325
O15_PREECLAMPS_CHRONIC_HYPERT	100	136325
O15_PREG_ABORT	41323	105738
O15_PREG_BIRTH_PUERP	96988	50073
O15_PREG_DM	7676	130424
O15_PREG_ECTOP	3777	105738
O15_PREG_GU_INFECT	1815	130424
O15_PREG_HYDAT	256	105738
O15_PREG_MATERN_CARE	3961	130424
O15_PREG_OTHER_MAT_DISORD	16637	130424
O15_PREG_PROLONGED	2393	123117
O15_PREG_VENOUS_HAEMORRH	279	130424
O15_PRETERM	6736	116219
O15_PRE_OR_ECLAMPSIA	4743	136325
O15_PUERP_COMPL_NAS	652	141596
O15_PUERP_INFECT_OTHER	1237	141596
O15_PUERP_SEPSIS	2765	141596
O15_RETAINED_PLAC_MEMB_NO_HEAMORRH	2486	116219
O15_VENOUS_COMPLIC	184	141596
OFFICIAL_TILASTOKESKUS	15200	245205
OPER_ARTIF_JOINT_MENISC_RESECT	24148	236257
OPER_ARTIF_JOINT_REOP	979	259426
OPER_COLECTOMY	2563	257842
OPER_TOTAL_COLECTOMY	670	259735
OSTEON_DRUGS	119	260286
OSTEOPOROSIS_FRACTURE_FG	923	203797
OSTPOPATFRACTURE	189	259482
OSTPOPATFRCTURE_POSTEMENO	724	146226
OTHER_DRUGADVERS_SECONDA_PARKINSONI	165	260240
OTHER_SYSTCON_FG	5168	203797
P16_BIRTH_TRAUMA	96	260309
P16_DIGES_SYSTEM_DISORD_FETUS_NEWBO	188	260217
P16_DISORD_RELATED_GESTATION_LOW_BIRTHWGHTT_NECIFIED	318	260032
P16_DISORD_RELATED_LENGTH_GESTATION_FETAL_GROWTH	373	260032
P16_FET_NEWB_MATERN_FACTO_COMPLICATIO_PREGNAC_LABOUR_DELIV	164	260241
P16_HAEMORRHAGIC_HAEMATOL_DISORD_FETUS_NEWBO	241	260164
P16_INFECTIONS_SPECIFIC_PERINA_PERIOD	138	260267
P16_MECONIUMI_CAUSED_CYSTIC_FIBROSIS	188	260217
P16_NEONTAL_JAUND_OTH_UNSP_CAUSES	178	260164
P16_OTH_DISORD_ORIGINA_PERINA_PERIOD	150	260255
P16_RESPI_CARDIOV_DISORD_SPECIFIC_PERINA_PERIOD	330	260075
P16_RESPI_DISTR_NEWBO	212	260075
P16_TRANSITO_DISORD_CARBOH_METABOLISM_SPECIFIC_FETUS_NEWBO	177	260224
P16_TRANSITO_ENDOCR_METABOLIC_DISORD_SPECIFIC_FETUS_NEWBO	181	260224
PAIN	106422	153490
PD2ND	480	257581
PD2ND_EXMORE	480	131274
PDSTRICT	2367	257909
PDSTRICT_EXMORE	2367	131274
PD_DEMENTIA	303	257907
PD_DEMENTIA_EXMORE	303	131274
PHLEBI_THROMBOP_LOWER_EXTREMITI_UNSPE	177	260228
PNEUMOBACTKNOWN	10207	245773
PNEUMO_SEPTHICHE	537	259840
POLLENALLERG	3554	255195
POLYCYTVERA	483	259322
PRIM_COXARTHROSIS	5141	247286
PRIM_KNEEARTHROSIS	10196	232606
PSORI_STRICT	455	252323
PSOR_ARTHR_OTH	1794	258169
PSOR_ENTE_ARTHR	2236	203797
PULM_INFECTIONS	71902	188503
PULM_PNEUMONIA_SEPSIS	34126	188503
Q17_ANKYLOGLOSSIA	222	260183
Q17_CHEFT_HARD_PALATE_NOS	173	260232
Q17_CHROMOSOMAL_ABNORMALITI_NOT_ELSEW_CLASSIFIED	261	260144
Q17_CLEFT_AND_CARIES	4906	255499
Q17_CLEFT_HARD_PALATE_W_CLEFT_LIP_UNILA	121	260284
Q17_CLEFT_LIP_CLEFT_PALATE	204	260201
Q17_CLEFT_PALATE	131	260201
Q17_CLEFT_PALATE_W_CHEFT_LIP	81	260201
Q17_CL_AND_CLP	99	260306
Q17_CONGEN_DEFORMITI_FEET	415	258787
Q17_CONGEN_DEFORMITI_HIP	274	258787
Q17_CONGEN_LENS_MALFO	86	259204
Q17_CONGEN_MALFO_ANTER_SEGMENT_EYE	143	259204
Q17_CONGEN_MALFO_AORTIC_MITRAL_VALVES	597	257871
Q17_CONGEN_MALFO_BREAST	228	258827
Q17_CONGEN_MALFO_CARDIAC_CHAMB_CONNECTIO	118	257871
Q17_CONGEN_MALFO_CARDIAC_SEPTA	1102	257871
Q17_CONGEN_MALFO_CIRCULATO_SYSTEM	2534	257871
Q17_CONGEN_MALFO_DEFORMAT_MUSCULOS_SYSTEM	1618	258787
Q17_CONGEN_MALFO_EYELID_LACRIMAL_APPARA_ORBIT	135	259204
Q17_CONGEN_MALFO_EYE_EAR_FACE_NECK	1201	259204
Q17_CONGEN_MALFO_GALLB_BILE_DUCTS_LIVER	134	259730
Q17_CONGEN_MALFO_GENITAL_ORGANS	1728	258677
Q17_CONGEN_MALFO_GREAT_ARTERIES	366	257871
Q17_CONGEN_MALFO_MUSCULOS_SYSTEM_NOT_ELSEW_CLASSIFIED	209	258787
Q17_CONGEN_MALFO_NERVOUS_SYSTEM	303	260102
Q17_CONGEN_MALFO_OVARIES_FALLOP_TUBES_BROAD_LIGAM	966	258677
Q17_CONGEN_MALFO_POSTERI_SEGMENT_EYE	80	259204
Q17_CONGEN_MALFO_PULMONARY_TRICU_VALVES	136	257871
Q17_CONGEN_MALFO_RESPI_SYSTEM	264	260141
Q17_CONGEN_MALFO_SPINE_BONY_THORAX	107	258787
Q17_CONGEN_MALFO_TRACHEA_BRONCHUS	138	260141
Q17_CONGEN_MALFO_URINARY_SYSTEM	977	259428
Q17_CONGEN_MALFO_UTERUS_CERVIX	322	258677
Q17_CONGEN_MUSCULOS_DEFORMITI_HEAD_FACE_SPINE_CHEST	212	258787
Q17_CONGEN_OBSTRUCTIVE_DEFECTS_RENAL_PELVIS_CONGEN_MALFO_URETER	303	259428
Q17_CRANIOSYNOSTOSIS	496	259909
Q17_CYSTIC_KIDNEY_DISEA	562	259428
Q17_EHLER_SYNDR	142	260263
Q17_OTHER_CONGEN_MALFO	1578	258827
Q17_OTHER_CONGEN_MALFO_CIRCULATO_SYSTEM	384	257871
Q17_OTHER_CONGEN_MALFO_DIGES_SYSTEM1	675	259730
Q17_OTHER_CONGEN_MALFO_EAR	221	259204
Q17_OTHER_CONGEN_MALFO_FACE_NECK	490	259204
Q17_OTHER_CONGEN_MALFO_FEMALE_GENITALIA	152	258677
Q17_OTHER_CONGEN_MALFO_HEART	106	257871
Q17_OTHER_CONGEN_MALFO_INTESTINE	132	259730
Q17_OTHER_CONGEN_MALFO_LIMBS	122	258787
Q17_OTHER_CONGEN_MALFO_MALE_GENITAL_ORGANS	108	258677
Q17_OTHER_CONGEN_MALFO_NERVOUS_SYSTEM	132	260102
Q17_OTHER_CONGEN_MALFO_NOT_ELSEW_CLASSIFIED	116	258827
Q17_OTHER_CONGEN_MALFO_PERIP_VASCULAR_SYSTEM	195	257871
Q17_OTHER_CONGEN_MALFO_SKIN	729	258827
Q17_OTHER_CONGEN_MALFO_TONGUE_MOUTH_PHARYNX	202	259730
Q17_OTHER_CONGEN_MALFO_UPPER_ALIME_TRACT	91	259730
Q17_OTHER_OSTEOCHONDROD	128	258787
Q17_OTHER_SPECIFE_CONGEN_MALFO_SYNDR_AFFECTING_MULTIPLE_SYSTEMS	282	258827
Q17_PHAKOMATOSES_NOT_ELSEW_CLASSIFIED	188	258827
Q17_UNDES_TESTICLE	162	258677
R18_ABDOMI_PELVIC_PAIN	60359	191014
R18_ABNORMALITI_BREAT	30870	192392
R18_ABNORMALITI_GAIT_MOBIL	1691	248190
R18_ABNORMALITI_HEART_BEAT	7089	192392
R18_ABNORMALITY_WHITE_BLOOD_CELLS_NOT_ELSEW_CLASSIFIED	93	251874
R18_ABNORMAL_BLOOD_P_READI_WO_DIAGNOSIS	559	192392
R18_ABNORMAL_FINDI_DIAGNOST_IMAGI_BREAST	198	248445
R18_ABNORMAL_FINDI_DIAGNOST_IMAGI_CENTRAL_NERVOUS_SYSTEM	497	248445
R18_ABNORMAL_FINDI_DIAGNOST_IMAGI_FUNCTION_STUDI_WO_DIAGNOSIS	11960	248445
R18_ABNORMAL_FINDI_DIAGNOST_IMAGI_LUNG	8723	248445
R18_ABNORMAL_FINDI_DIAGNOST_IMAGI_OTHER_BODY_STRUCTURES	1589	248445
R18_ABNORMAL_FINDI_EXAMI_BLOOD_WO_DIAGNOSIS	8531	251874
R18_ABNORMAL_FINDI_EXAMI_OTHER_BODY_FLUIDS_SUBST_TISSU_WO_DIAGNOSIS	12058	248347
R18_ABNORMAL_FINDI_EXAMI_URINE_WO_DIAGNOSIS	733	259672
R18_ABNORMAL_FINDI_NIPPLE_DISCH_SYNOVIAL_FLUID_WOUND_SECRE	177	248347
R18_ABNORMAL_FINDI_SECRE_SMEARS_CERVIX_UTERI_VAGINA_VULVA	10542	248347
R18_ABNORMAL_INVOLU_MOVEM	2231	248190
R18_ABNORMAL_RESULTS_FUNCTION_STUDI	1238	248445
R18_ABNORMAL_SERUM_ENZYME_LEVELS	4937	251874
R18_ABNORMAL_SPERMATOZ	1224	248347
R18_ABNORMAL_WEIGHT_LOSS	1199	259206
R18_ANOREXIA	268	260137
R18_ANURIA_OLIGU	110	240876
R18_ASCITES	940	191014
R18_CARDIAC_MURMU_OTHER_CARDIAC_SOUNDS	1687	192392
R18_CONVU_NOT_ELSEW_CLASSIFIED	5605	204329
R18_COUGH	9485	192392
R18_CRAMP_SPASM	726	258892
R18_DISTU_SKIN_SENSA	4867	246619
R18_DISTU_SMELL_TASTE	674	233381
R18_DIZZI_GIDDI	18078	233381
R18_DYSPHAGIA	4303	191014
R18_DYSPNOEA	20375	239339
R18_ELEVATED_BLOOD_GLUCOSE_LEVEL	1199	251874
R18_ELEVATED_ERYTHROCYTE_SEDIM_RATE_ABNORMALITY_PLASMA_VISCO	1344	251874
R18_ENLARGED_LYMPH_NODES	2909	204329
R18_FAECAL_INCONTINENCE	1482	191014
R18_FASCICULATION	164	259455
R18_FEVER_OTHER_UNKNO_ORIGIN	12051	204329
R18_FLATU_RELATED_CONDI	144	191014
R18_GANGRENE_NOT_ELSEW_CLASSIFIED	108	192392
R18_GENERAL_SYMPTOMS_SIGNS	56076	204329
R18_HAEMORRHAGE_NOT_ELSEW_CLASSIFIED	499	204329
R18_HAEMORRHAGE_RESPI_PASSA	7016	192392
R18_HEADACHE1	16391	204329
R18_HEARTBURN	1419	191014
R18_HEPATOM_SPLENO_NOT_ELSEW_CLASSIFIED	166	191014
R18_HYPERHIDROSIS	492	204329
R18_ILL_D_UNKNO_CAUSES_MORTA	550	259855
R18_ISOLATED_PROTEINU	494	259672
R18_LACK_EXPEC_NORMAL_PHYSIO_DEVELOPMENT	467	204329
R18_LOCALIZED_SWELL_MASS_LUMP_SKIN_SUBCU_TISSUE	5911	246619
R18_MALAI_FATIG	8929	204329
R18_MOUTH_BREAT	8922	250726
R18_NAUSEA_VOMITI	5041	191014
R18_OEDEMA_NOT_ELSEW_CLASSIFIED	5325	204329
R18_OTHER_ABNORMALITI_PLASMA_PROTEINS	190	251874
R18_OTHER_ABNORMAL_FINDI_BLOOD_CHEMIS	566	251874
R18_OTHER_ABNORMAL_FINDI_URINE	219	259672
R18_OTHER_ABNORMAL_IMMUNOL_FINDI_SERUM	286	251874
R18_OTHER_GENERAL_SYMPTOMS_SIGNS	687	204329
R18_OTHER_ILL_D_UNSPE_CAUSES_MORTA	420	259855
R18_OTHER_LACK_COORD	248	248190
R18_OTHER_SKIN_CHANG	1767	246619
R18_OTHER_SYMPTOMS_SIGNS_INVOLVI_CIRCULATO_RESPI_SYSTEMS	884	192392
R18_OTHER_SYMPTOMS_SIGNS_INVOLVI_COGNITIVE_FUNCTIONS_AWARE	8503	233381
R18_OTHER_SYMPTOMS_SIGNS_INVOLVI_DIGES_SYSTEM_ABDOMEN	3147	191014
R18_OTHER_SYMPTOMS_SIGNS_INVOLVI_GENERAL_SENSA_PERCEP	572	233381
R18_OTHER_SYMPTOMS_SIGNS_INVOLVI_NERVOUS_MUSCULOS_SYSTEMS	8737	248190
R18_OTHER_SYMPTOMS_SIGNS_INVOLVI_URINARY_SYSTEM	1405	240876
R18_PAIN_ASSOCIATED_W_MICTU	1899	240876
R18_PAIN_NOT_ELSEW_CLASSIFIED	4943	204329
R18_PAIN_THROAT_CHEST	30160	192392
R18_POLYURIA	4089	240876
R18_RASH_OTHER_NONSPECIFIC_SKIN_ERUPT	1870	246619
R18_RETEN_URINE	6278	240876
R18_SENILITY	138	204329
R18_SHOCK_NOT_ELSEW_CLASSIFIED	124	204329
R18_SOMNOLENCE	206	260199
R18_SOMNO_STUPOR_COMA	832	233381
R18_SPEECH_DISTU_NOT_ELSEW_CLASSIFIED	1285	254251
R18_SYMPTOMS_SIGNS_CONCERNI_FOOD_FLUID_INTAKE	1644	204329
R18_SYMPTOMS_SIGNS_INVOLVI_APPEA_BEHVI	125	233381
R18_SYMPTOMS_SIGNS_INVOLVI_CIRCULATO_RESPI_SYSTEMS	68013	192392
R18_SYMPTOMS_SIGNS_INVOLVI_COGNITION_PERCEP_EMOTIONAL_STATE_BEHVI	27024	233381
R18_SYMPTOMS_SIGNS_INVOLVI_DIGES_SYSTEM_ABDOMEN	69391	191014
R18_SYMPTOMS_SIGNS_INVOLVI_EMOTIONAL_STATE	483	233381
R18_SYMPTOMS_SIGNS_INVOLVI_NERVOUS_MUSCULOS_SYSTEMS	12215	248190
R18_SYMPTOMS_SIGNS_INVOLVI_SKIN_SUBCU_TISSUE	13786	246619
R18_SYMPTOMS_SIGNS_INVOLVI_SPEECH_VOICE	6154	254251
R18_SYMPTOMS_SIGNS_INVOLVI_URINARY_SYSTEM	19529	240876
R18_SYNCO_COLLAP	10029	204329
R18_UNATTE_DEATH	88	259855
R18_UNKNO_UNSPE_CAUSES_MORBIDI	1560	204329
R18_UNSPE_HAEMATU	8158	240876
R18_UNSPE_JAUND	826	191014
R18_UNSPE_URINARY_INCONTINENCE	1639	240876
R18_VOICE_DISTU	4894	254251
REAC_ARTHRO_NOS	1193	259017
REITER	109	259017
RESPIRATORYINSUFF	1181	160018
RESP_ILL_DIS_CLASS_ELSEWHERE	197	260208
RHEUMA_ARHTROPAT_REACTIVE	1388	203797
RHEUMA_CHRYSTAL	212	203797
RHEUMA_ENDPOINTS	56608	203797
RHEUMA_NOS	2462	256069
RHEUMA_OTHER_WIDE	3831	256069
RHEUMA_SERONEG	2484	203797
RHEUMA_SEROPOS	5857	203797
RHEUMA_SEROPOS_OTH	5793	254548
RHEUMA_SEROPOS_STRICT	1580	254750
RHEUMA_SEROPOS_WIDE	5855	254548
RHEU_ARTHRITIS_OTH	6495	203797
RHINITIS_VASOMOTOR	1149	257159
RX_ANTIHYP	134687	125718
RX_CODEINE_TRAMADOL	37709	222696
RX_CROHN_1STLINE	50242	210163
RX_CROHN_2NDLINE	13438	246967
RX_GLUCOSAMINE	13340	247065
RX_INFERTILITY	3773	143288
RX_PARACETAMOL_NSAID	213342	47063
RX_RHEUMA_BIOLOGICAL	2648	257757
RX_STATIN	86466	173939
SCND_OTH_COXARTHROSIS	513	247286
SCND_OTH_KNEEARTHROSIS	803	232606
SEPTICHE_PNEUMONIA	565	247317
SFN	302	256572
SLEEP	23153	234764
SLE_FG	687	207748
SLE_NOS	561	259718
SLE_OTH	159	259718
SLE_STRICT	660	259745
SMOKING	1733	160018
SMOKING_DEPEND	1207	258672
SPONDYLOARTHRITIS	3860	234893
SPONDYLOPATHY_FG	2895	203797
ST19_ADVER_EFFEC_NOT_ELSEW_CLASSIFIED	3598	255021
ST19_ALIQU_COMPLICATI_PRAECO_TRAUMAT	647	259758
ST19_BURNS_CLASSIFIED_ACCOR_EXTENT_BODY_SURFA_INVOLVED	149	259469
ST19_BURNS_CORROSIO	2530	257875
ST19_BURNS_CORROSIO_CONFIN_EYE_INTERNAL_ORGANS	503	257875
ST19_BURNS_CORROSIO_EXTER_BODY_SURFA_SPECIFE_SITE	1855	257875
ST19_BURNS_CORROSIO_MULTIPLE_BODY_REGIONS	153	259466
ST19_BURNS_CORROSIO_MULTIPLE_UNSPE_BODY_REGIONS	362	257875
ST19_BURN_CORROSION_ANKLE_FOOT	209	259409
ST19_BURN_CORROSION_CONFIN_EYE_ADNEXA	425	259196
ST19_BURN_CORROSION_HEAD_NECK	363	259255
ST19_BURN_CORROSION_HIP_LOWER_LIMB_ANKLE_FOOT	348	259272
ST19_BURN_CORROSION_SHOUL_UPPER_LIMB_WRIST_HAND	322	259297
ST19_BURN_CORROSION_TRUNK	445	259175
ST19_BURN_CORROSION_WRIST_HAND	563	259055
ST19_COMPLICATIO_CARDIAC_VASCULAR_PROSTHET_DEVICES_IMPLANTS_GRAFTS	318	236575
ST19_COMPLICATIO_FOLLOWI_INFUS_TRANSFU_THERAPE_INJEC	222	236575
ST19_COMPLICATIO_GENITO_PROSTHET_DEVICES_IMPLANTS_GRAFTS	368	236575
ST19_COMPLICATIO_INTERNAL_ORTHOPA_PROSTHET_DEVICES_IMPLANTS_GRAFTS	3966	236575
ST19_COMPLICATIO_OTHER_INTERNAL_PROSTHET_DEVICES_IMPLANTS_GRAFTS	465	236575
ST19_COMPLICATIO_PECUL_REATTACHM_AMPUT	108	236575
ST19_COMPLICATIO_PROCED_NOT_ELSEW_CLASSIFIED	18874	236575
ST19_COMPLICATIO_SURGI_MEDICAL_CARE_NOT_ELSEW_CLASSIFIED	23830	236575
ST19_CONCUSSION	12647	161031
ST19_CONTU_ANKLE	561	245598
ST19_CONTU_OTHER_UNSPE_PARTS_FOOT	666	245598
ST19_CONTU_TOES_WO_DAMAGE_NAIL	312	245598
ST19_CONTU_TOES_W_DAMAGE_NAIL	138	245598
ST19_CRUSHI_INJURY_WRIST_HAND	219	236315
ST19_DIFFU_BRAIN_INJURY	786	161031
ST19_DISLO_SPRAIN_STRAIN_JOINTS_LIGAM_ANKLE_FOOT_LEVEL	7223	245598
ST19_DISLO_SPRAIN_STRAIN_JOINTS_LIGAM_ELBOW	1037	244726
ST19_DISLO_SPRAIN_STRAIN_JOINTS_LIGAM_HEAD	682	233156
ST19_DISLO_SPRAIN_STRAIN_JOINTS_LIGAM_KNEE	14647	227055
ST19_DISLO_SPRAIN_STRAIN_JOINTS_LIGAM_LUMBAR_SPINE_PELVIS	368	253182
ST19_DISLO_SPRAIN_STRAIN_JOINTS_LIGAM_NECK_LEVEL	2656	256278
ST19_DISLO_SPRAIN_STRAIN_JOINTS_LIGAM_SHOUL_GIRDLE	5442	241174
ST19_DISLO_SPRAIN_STRAIN_JOINTS_LIGAM_THORAX	412	251870
ST19_DISLO_SPRAIN_STRAIN_JOINTS_LIGAM_WRIST_HAND_LEVEL	5316	236315
ST19_DISLO_SPRAIN_STRAIN_JOINT_LIGAM_HIP	485	251409
ST19_EARLY_COMPLICATIO_TRAUMA	647	259758
ST19_EFFEC_FOREI_BODY_ENTERING_NATURAL_ORIFI	4868	255537
ST19_EFFEC_HEAT_LIGHT	106	255021
ST19_EFFEC_OTHER_EXTER_CAUSES	415	255021
ST19_EPIDU_HAEMORRHAGE	171	161031
ST19_FAILU_REJEC_TRANSPLANTED_ORGANS_TISSU	161	236575
ST19_FOCAL_BRAIN_INJURY	1306	161031
ST19_FOREI_BODY_ALIME_TRACT	880	255537
ST19_FOREI_BODY_EAR	263	255537
ST19_FOREI_BODY_EXTER_EYE	2815	255537
ST19_FOREI_BODY_GENITO_TRACT	136	255537
ST19_FOREI_BODY_RESPI_TRACT	886	255537
ST19_FRACT_FEMUR	4819	251409
ST19_FRACT_FOOT_ANKLE	4329	245598
ST19_FRACT_FOREA	11896	244726
ST19_FRACT_LOWER_LEG_INCLU_ANKLE	12524	227055
ST19_FRACT_LUMBAR_SPINE_PELVIS	3450	253182
ST19_FRACT_NECK	819	256278
ST19_FRACT_RIBS_STERNUM_THORACIC_SPINE	5035	251870
ST19_FRACT_SHOUL_UPPER_ARM	6894	241174
ST19_FRACT_SKULL_FACIAL_BONES	4172	233156
ST19_FRACT_WRIST_HAND_LEVEL	6873	236315
ST19_FROSTBITE	179	260226
ST19_HYPOTHERMIA	282	255021
ST19_ICTRAUOTHUNS	471	244578
ST19_INJURI_ABDOMEN_LOWER_BACK_LUMBAR_SPINE_PELVIS	7223	253182
ST19_INJURI_ANKLE_FOOT	14807	245598
ST19_INJURI_ELBOW_FOREA	15679	244726
ST19_INJURI_HEAD	27249	233156
ST19_INJURI_HIP_THIGH	8996	251409
ST19_INJURI_INVOLVI_MULTIPLE_BODY_REGIONS	535	259870
ST19_INJURI_KNEE_LOWER_LEG	33350	227055
ST19_INJURI_NECK	4127	256278
ST19_INJURI_SHOUL_UPPER_ARM	19231	241174
ST19_INJURI_THORAX	8535	251870
ST19_INJURI_UNSPE_PART_TRUNK_LIMB_BODY_REGION	1250	259155
ST19_INJURI_WRIST_HAND	24090	236315
ST19_INJURY_BLOOD_VESSE_WRIST_HAND_LEVEL	114	236315
ST19_INJURY_CRANIAL_NERVES	103	233156
ST19_INJURY_EYE_ORBIT	2716	233156
ST19_INJURY_INTRA_AB_ORGANS	419	253182
ST19_INJURY_MUSCLE_TENDON_ANKLE_FOOT_LEVEL	376	245598
ST19_INJURY_MUSCLE_TENDON_FOREA_LEVEL	319	244726
ST19_INJURY_MUSCLE_TENDON_HIP_THIGH_LEVEL	1290	251409
ST19_INJURY_MUSCLE_TENDON_LOWER_LEG_LEVEL	2717	227055
ST19_INJURY_MUSCLE_TENDON_SHOUL_UPPER_ARM_LEVEL	6887	241174
ST19_INJURY_MUSCLE_TENDON_WRIST_HAND_LEVEL	2625	236315
ST19_INJURY_NERVES_ANKLE_FOOT_LEVEL	108	245598
ST19_INJURY_NERVES_FOREA_LEVEL	205	244726
ST19_INJURY_NERVES_LOWER_LEG_LEVEL	160	227055
ST19_INJURY_NERVES_SHOUL_UPPER_ARM_LEVEL	155	241174
ST19_INJURY_NERVES_SPINAL_CORD_NECK_LEVEL	313	256278
ST19_INJURY_NERVES_WRIST_HAND_LEVEL	659	236315
ST19_INJURY_OTHER_UNSPE_INTRAT_ORGANS	1052	251870
ST19_INJURY_UNSPE_BODY_REGION	906	259155
ST19_INJURY_URINARY_PELVIC_ORGANS	317	253182
ST19_INTRACRATRAUMA	15827	161031
ST19_INTRACR_INJURY	11992	233156
ST19_MALTR_SYNDR	878	255021
ST19_OPEN_WOUND_ABDOMEN_LOWER_BACK_PELVIS	505	253182
ST19_OPEN_WOUND_ANKLE_FOOT	1630	245598
ST19_OPEN_WOUND_FOREA	1444	244726
ST19_OPEN_WOUND_HEAD	9912	233156
ST19_OPEN_WOUND_HIP_THIGH	499	251409
ST19_OPEN_WOUND_LOWER_LEG	2239	227055
ST19_OPEN_WOUND_NECK	136	256278
ST19_OPEN_WOUND_SHOUL_UPPER_ARM	303	241174
ST19_OPEN_WOUND_THORAX	269	251870
ST19_OPEN_WOUND_WRIST_HAND	8560	236315
ST19_OTHER_COMPLICATIO_SURGI_MEDICAL_CARE_NOT_ELSEW_CLASSIFIED	1356	236575
ST19_OTHER_INJURI_LOWER_LIMB_LEVEL_UNSPE	90	259155
ST19_OTHER_INJURI_SPINE_TRUNK_LEVEL_UNSPE	97	259155
ST19_OTHER_INJURI_UPPER_LIMB_LEVEL_UNSPE	124	259155
ST19_OTHER_SPECIFE_INJURI_HIP_THIGH1	289	251409
ST19_OTHER_SUPERF_INJURI_ANKLE_FOOT	91	245598
ST19_OTHER_UNSPE_EFFEC_EXTER_CAUSES	5384	255021
ST19_OTHER_UNSPE_INJURI_ABDOMEN_LOWER_BACK_PELVIS	195	253182
ST19_OTHER_UNSPE_INJURI_ANKLE_FOOT	633	245598
ST19_OTHER_UNSPE_INJURI_FOREA	92	244726
ST19_OTHER_UNSPE_INJURI_HEAD	603	233156
ST19_OTHER_UNSPE_INJURI_LOWER_LEG	1098	227055
ST19_OTHER_UNSPE_INJURI_NECK	119	256278
ST19_OTHER_UNSPE_INJURI_SHOUL_UPPER_ARM	383	241174
ST19_OTHER_UNSPE_INJURI_THORAX	259	251870
ST19_OTHER_UNSPE_INJURI_WRIST_HAND	545	236315
ST19_POISO_DRUGS_MEDICAM_BIOLO_SUBST	6016	254389
ST19_POISO_MEDICI	5363	254389
ST19_POISO_MEDICI_ADVERSE	310	260095
ST19_POISO_NARCOT_PSYCHOD_HALLUCINOG	321	254389
ST19_POST_TRAU_WOUND_INFECTION_NOT_ELSEW_CLASSIFIED	348	259758
ST19_SEQUEL_INJURI_HEAD	880	255656
ST19_SEQUEL_INJURI_LOWER_LIMB	1753	255656
ST19_SEQUEL_INJURI_NECK_TRUNK	460	255656
ST19_SEQUEL_INJURI_POISO_OTHER_CONSE_EXTER_CAUSES	4749	255656
ST19_SEQUEL_INJURI_UPPER_LIMB	1719	255656
ST19_SUPERF_FROST	111	260226
ST19_SUPERF_INJURI_INVOLVI_MULTIPLE_BODY_REGIONS	363	259870
ST19_SUPERF_INJURY_ABDOMEN_LOWER_BACK_PELVIS	2394	253182
ST19_SUPERF_INJURY_ANKLE_FOOT	1814	245598
ST19_SUPERF_INJURY_FOREA	1507	244726
ST19_SUPERF_INJURY_HEAD	3513	233156
ST19_SUPERF_INJURY_HIP_THIGH	2260	251409
ST19_SUPERF_INJURY_LOWER_LEG	4052	227055
ST19_SUPERF_INJURY_NECK	316	256278
ST19_SUPERF_INJURY_SHOUL_UPPER_ARM	1688	241174
ST19_SUPERF_INJURY_THORAX	2487	251870
ST19_SUPERF_INJURY_WRIST_HAND	3213	236315
ST19_TOXIC_EFFECT_ALCOHOL	442	258138
ST19_TOXIC_EFFECT_CARBON_MONOX	284	258138
ST19_TOXIC_EFFECT_CONTACT_W_VENOMO_ANIMALS	619	258138
ST19_TOXIC_EFFECT_CORROSIVE_SUBST	83	258138
ST19_TOXIC_EFFECT_ETHAN	859	259546
ST19_TOXIC_EFFECT_OTHER_GASES_FUMES_VAPOU	104	258138
ST19_TOXIC_EFFECT_OTHER_UNSPE_SUBST	234	258138
ST19_TOXIC_EFFEC_SUBST_CHIEF_NONME_SOURCE	2267	258138
ST19_TRAUMAT_AMPUT_WRIST_HAND	741	236315
ST19_TRAUMAT_ISCHA_MUSCLE	236	259758
ST19_TRAUMAT_SUBAR_HAEMORRHAGE	500	161031
ST19_TRAUMAT_SUBDU_HAEMORRHAGE	2009	161031
STILL_ADULT	4336	234893
SYSTSCLE_STRICT	134	260023
T1D	3440	214308
T1D_STRICT	3242	214308
T1D_STRICT1	2992	212077
T1D_WIDE	8615	214308
T1D_WIDE1	6272	212077
T1D_WIDE2	208	212077
T2D	37031	214308
T2D_INCLAVO	38173	214043
T2D_WIDE	22067	217321
TBC_RESP	1088	258942
TEMPOROMANDIB	3384	153983
TEMPOROMANDIB_INCLAVO	6806	253599
THROMBOCYTAEMIA	479	259322
THYROIDITIS	1140	254135
THYROID_DISORDER_IBD	6270	73703
THYROTOXICOSIS	5142	254135
TONGUEABNORMALITY	963	259442
TRAUMBRAIN_NONCONCUS	3851	256554
ULCERENTER	611	249705
ULCERILEO	803	249705
ULCERNAS	2729	249705
ULCEROTH	1014	249705
ULCERPROCT	1040	249705
ULCERRECT	1494	249705
ULCER_ARTHR	193	258169
VD_MI	260	250950
VD_MX	110	250950
VD_SC	301	250950
VD_SO	85	250950
VD_U	523	250950
VIRALPNEUMOKNOWN	968	252794
VIRALPNEUMONAS	638	253032
VIT_DEF	780	248553
VOCALCORDDYS	624	109614
VWXY20_ACCIDENTAL_POISO_EXPOS_ALCOHOL	89	259529
VWXY20_ACCIDENTS	1865	258540
VWXY20_BLOOD_ALCOHOL_ALCOHOL_INTOX_LEVEL	316	259860
VWXY20_COMPLICATIO_MEDICAL_SURGI_CARE	155	260250
VWXY20_EVIDE_ALCOHOL_INVOLVM_DETERM_BLOOD_ALCOHOL_LEVEL	171	259448
VWXY20_EVIDE_ALCOHOL_INVOLVM_DETERM_LEVEL_INTOX	152	259466
VWXY20_FALL_SAME_LEVEL	555	194490
VWXY20_FALL_SAME_LEVEL_INVOLVI_ICE_SNOW	80	194883
VWXY20_OTHER_EXTER_CAUSES_ACCIDENTAL_INJURY	1649	258540
VWXY20_SEQUEL_EXTER_CAUSES_MORBIDI_MORTA	105	260300
VWXY20_SUICI_OTHER_INTENTI_SELF_H	1058	259347
VWXY20_SUPPLE_FACTO_RELATED_CAUSES_MORBIDI_MORTA_CLASSIFIED_ELSEW	545	259860
VWXY20_SURGI_OPERA_OTHER_SURGI_PROCED_CAUSE_ABNORMAL_REACTION_PATIENT_COMPLICATION_WO_MENTION_MISAD_TIME_PROCED	84	259534
VWXY20_SURGI_OTHER_MEDICAL_PROCED_CAUSE_ABNORMAL_REACTION_PATIENT_COMPLICATION_WO_MENTION_MISAD_TIME_PROCED	101	260250
VWXY20_TRANSPO_ACCIDENTS	222	258540
VWXY20_TYPE_ACCIDENT	176	259860
VWXY20_UNSPE_FALL	143	194820
VWXY20_VAPAA_TAPATURMAT	137	259482
WEIGHTLOSS	1387	259018
WET_AMD	2613	245496
Z21_ACQUI_ABSENCE_LIMB	119	231085
Z21_ACQUI_ABSENCE_ORGANS_NOT_ELSEW_CLASSIFIED	170	231085
Z21_ADDIT_CODES_LOCAT_DEFECT_INJURY_ILLNE	712	259693
Z21_ADJUS_MANAG_IMPLANTNTED_DEVICE	2393	229239
Z21_ALCOHOL_ABUSE_COUNSELLI_SURVE	290	260115
Z21_ANKLE_FOOT	130	259693
Z21_ANTEN_SCREE	21853	105999
Z21_ARTIF_OPENI_STATUS	695	231085
Z21_ASYMP_HUMAN_IMMUNODEFICIENCY_VIRUS_HIV_INFECTION_STATUS	122	258042
Z21_ATTN_ARTIF_OPENI	479	229239
Z21_CARE_INVOLVI_DIALY	1373	229239
Z21_CARE_INVOLVI_USE_REHAB_PROCED	15099	229239
Z21_CARRIER_INFECTIOUS_DISEA	318	258042
Z21_CONTACT_W_EXPOS_COMMUNICAB_DISEA	1473	258042
Z21_CONTRACEPTIVE_MANAG	16049	214900
Z21_CONVALESCENCE	976	229239
Z21_COUNSELLI_RELATED_SEXUAL_ATTIT_BEHVI_ORIEN	228	223409
Z21_DEPENDENCE_ENABL_MACHINES_DEVICES_NOT_ELSEW_CLASSIFIED	207	231085
Z21_DESEN_ALLERGE	844	258776
Z21_DONORS_ORGANS_TISSU	159	229239
Z21_EXAM_ENCOUNTER_ADMINISTR_PURPO	208	137166
Z21_EXAM_OBSER_OTH_REASO	16773	137166
Z21_FAMILY_HISTORY_CERTA_DISABILITI_CHRONIC_DISEA_LEADI_DISABL	617	231085
Z21_FAMILY_HISTORY_MALIG_NEOPLASM	1430	231085
Z21_FAMILY_HISTORY_OTH_CONDI	85	231085
Z21_FAMILY_HISTORY_OTH_SPECIFIC_DISORD	153	231085
Z21_FIT_ADJ_OTH_DEVICES	5972	229239
Z21_FOLLOW__CARE_INVOLVI_PLASTIC_SURGE	823	229239
Z21_FOLLOW__EXAM_TREAT_CONDI_OTH_MALIG_NEOPLASMS	15329	137166
Z21_FOLLOW__EXAM_TREAT_MALIG_NEOPLASMS	2010	137166
Z21_GENERAL_EXAM_INVES_PERSONS_WO_COMPLA_REPOR_DIAGNOSIS	27929	137166
Z21_LIVEB_INFANTS_ACCOR_PLACE_BIRTH	106	105999
Z21_LUNG_TRANSPLANT_STATUS	117	260288
Z21_MEDICAL_OBSER_EVALU_SUSPECTED_DISEA_CONDI	40992	137166
Z21_NEED_IMMUNI_OTH_SINGLE_VIRAL_DISEA	383	258042
Z21_OCCUPAT_EXPOS_RISK_	460	254264
Z21_OTHER_MEDICAL_CARE	4906	229239
Z21_OTHER_ORTHOPA_FOLLOW__CARE	1108	229239
Z21_OTHER_POSTS_STATES	959	231085
Z21_OTHER_PROBL_RELATED_PRIMARY_SUPPORT_GROUP_INCLU_FAMILY_CIRCUMSTANC	2347	254264
Z21_OTHER_PROBL_RELATED_UPBRI	84	254264
Z21_OTHER_SPECIAL_EXAM_INVES_PERSONS_WO_COMPLA_REPOR_DIAGNOSIS	66004	137166
Z21_OTHER_SURGI_FOLLOW__CARE	429	229239
Z21_OUTCO_DELIV	8009	105999
Z21_PERSONAL_HISTORY_ALLERGY_DRUGS_MEDICAM_BIOLO_SUBST	87	231085
Z21_PERSONAL_HISTORY_CERTA_OTH_DISEA	251	231085
Z21_PERSONAL_HISTORY_MALIG_NEOPLASM	385	231085
Z21_PERSONAL_HISTORY_OTH_DISEA_CONDI	1632	231085
Z21_PERSONAL_HISTORY_RISK__NOT_ELSEW_CLASSIFIED	218	231085
Z21_PERSONS_ENCOUNTERI_HEALTH_SERVI_CIRCUMSTANC_RELATED_REPRODUCTION	45505	214900
Z21_PERSONS_ENCOUNTERI_HEALTH_SERVI_EXAM_INVES	123239	137166
Z21_PERSONS_ENCOUNTERI_HEALTH_SERVI_OTH_CIRCUMSTANC1	36996	223409
Z21_PERSONS_ENCOUNTERI_HEALTH_SERVI_OTH_CIRCUMSTANC2	7779	223409
Z21_PERSONS_ENCOUNTERI_HEALTH_SERVI_OTH_COUNSELLI_MEDICAL_ADVICE_NOT_ELSEW_CLASSIFIED	26978	223409
Z21_PERSONS_ENCOUNTERI_HEALTH_SERVI_SPECIFIC_PROCED_HEALTH_CARE	31166	229239
Z21_PERSONS_ENCOUNTERI_HEALTH_SERVI_SPECIFIC_PROCED_NOT_CARRIED	819	229239
Z21_PERSONS_W_POTEN_HEALTH_HAZARDS_RELATED_COMMUNICAB_DISEA	2363	258042
Z21_PERSONS_W_POTEN_HEALTH_HAZARDS_RELATED_FAMILY_PERSONAL_HISTORY_CERTA_CONDI_INFLUENCI_HEALTH_STATUS	29320	231085
Z21_PERSONS_W_POTEN_HEALTH_HAZARDS_RELATED_SOCIO_PSYCHOSO_CIRCUMSTANC	6141	254264
Z21_POSTPA_CARE_EXAMI	3805	105999
Z21_PREGNAC_EXAM_TEST	6467	105999
Z21_PRESENCE_CARDIAC_VASCULAR_IMPLANTNTS_GRAFTS	9853	231085
Z21_PRESENCE_OTH_DEVICES	3846	231085
Z21_PRESENCE_OTH_FUNCTIONAL_IMPLANTNTS	10179	231085
Z21_PROBL_RELATED_CARE__DEPENDENCY	97	223409
Z21_PROBL_RELATED_CERTA_PSYCHOSO_CIRCUMSTANC	1841	254264
Z21_PROBL_RELATED_EMPLO_UNEMP	381	254264
Z21_PROBL_RELATED_HOUSI_ECONO_CIRCUMSTANC	231	254264
Z21_PROBL_RELATED_LIFESTYLE	1794	223409
Z21_PROBL_RELATED_LIFE_M_DIFFICULTY	1899	223409
Z21_PROBL_RELATED_MEDICAL_FACILITI_OTH_HEALTH_CARE	939	223409
Z21_PROBL_RELATED_NEGAT_LIFE_EVENTS_CHILDH	319	254264
Z21_PROBL_RELATED_OTH_PSYCHOSO_CIRCUMSTANC	156	254264
Z21_PROBL_RELATED_PHYSIC_ENVIRONMENT	132	254264
Z21_PROBL_RELATED_SOCIAL_ENVIRONMENT	495	254264
Z21_PROCED_PURPO_OTH_REMED_HEALTH_STATE	439	229239
Z21_PROCREATIVE_MANAG	5849	214900
Z21_PROPHYLACT_SURGE	85	229239
Z21_ROUTI_GENERAL_HEALTH_CHECK_DEFIN_SUBPO	461	137166
Z21_SHOUL_REGION	169	259693
Z21_SPECIAL_SCREEN_EXAM_INFECTIOUS_PARASITIC_DISEA	7935	137166
Z21_SPECIAL_SCREEN_EXAM_NEOPLASMS	699	137166
Z21_SPECIAL_SCREEN_EXAM_OTH_DISEA_DISORD	2044	137166
Z21_SUPERV_HIGH_R_PREGNAC	10163	105999
Z21_SUPERV_NORMAL_PREGNAC1	18992	105999
Z21_TOBAC_USE	570	259835
Z21_TRANSPLANTED_ORGAN_TISSUE_STATUS	1730	231085
